[    0.000000] Booting Linux on physical CPU 0x0
[    0.000000] Initializing cgroup subsys cpuset
[    0.000000] Initializing cgroup subsys cpu
[    0.000000] Initializing cgroup subsys cpuacct
[    0.000000] Initializing cgroup subsys schedtune
[    0.000000] Linux version 4.4.167 (hhh@bndaiot2) (gcc version 6.3.1 20170404 (Linaro GCC 6.3-2017.05) ) #12 SMP PREEMPT Wed Sep 4 09:43:25 HKT 2019
[    0.000000] Boot CPU: AArch64 Processor [410fd042]
[    0.000000] cma: Reserved 16 MiB at 0x000000003f000000
[    0.000000] On node 0 totalpages: 253952
[    0.000000] DMA zone: 4088 pages used for memmap
[    0.000000] DMA zone: 0 pages reserved
[    0.000000] DMA zone: 253952 pages, LIFO batch:31
[    0.000000] psci: probing for conduit method from DT.
[    0.000000] psci: PSCIv1.0 detected in firmware.
[    0.000000] psci: Using standard PSCI v0.2 function IDs
[    0.000000] psci: Trusted OS migration not required
[    0.000000] PERCPU: Embedded 21 pages/cpu @ffffffc03ef2b000 s45272 r8192 d32552 u86016
[    0.000000] pcpu-alloc: s45272 r8192 d32552 u86016 alloc=21*4096
[    0.000000] pcpu-alloc: [0] 0 [0] 1 [0] 2 [0] 3 
[    0.000000] Detected VIPT I-cache on CPU0
[    0.000000] Built 1 zonelists in Zone order, mobility grouping on.  Total pages: 249864
[    0.000000] Kernel command line: storagemedia=emmc androidboot.mode=normal androidboot.dtbo_idx=0 root=PARTUUID=af01642c-9b84-11e8-9b2a-234eb5e198a0 androidboot.verifiedbootstate=orange androidboot.oem_unlocked=0 androidboot.slot_suffix= androidboot.serialno=100419092403099 console=ttyFIQ0 androidboot.baseband=N/A androidboot.wificountrycode=US androidboot.veritymode=enforcing androidboot.hardware=rk30board androidboot.console=ttyFIQ0 firmware_class.path=/vendor/etc/firmware init=/init rootwait ro init=/init root=PARTUUID=af01642c-9b84-11e8-9b2a-234eb5e198a0 loop.max_part=7 androidboot.selinux=permissive rootdelay=1 buildvariant=userdebug earlyprintk=uart8250,mmio32,0xff160000 swiotlb=1 kpti=0
[    0.000000] PID hash table entries: 4096 (order: 3, 32768 bytes)
[    0.000000] Dentry cache hash table entries: 131072 (order: 8, 1048576 bytes)
[    0.000000] Inode-cache hash table entries: 65536 (order: 7, 524288 bytes)
[    0.000000] software IO TLB [mem 0x3ed34000-0x3ed74000] (0MB) mapped at [ffffffc03ed34000-ffffffc03ed73fff]
[    0.000000] Memory: 949632K/1015808K available (11390K kernel code, 1580K rwdata, 5592K rodata, 5952K init, 2400K bss, 49792K reserved, 16384K cma-reserved)
[    0.000000] Virtual kernel memory layout:\x0a    modules : 0xffffff8000000000 - 0xffffff8008000000   (   128 MB)\x0a    vmalloc : 0xffffff8008000000 - 0xffffffbdbfff0000   (   246 GB)\x0a      .init : 0xffffff8009120000 - 0xffffff80096f0000   (  5952 KB)\x0a      .text : 0xffffff8008080000 - 0xffffff8008ba0000   ( 11392 KB)\x0a    .rodata : 0xffffff8008ba0000 - 0xffffff8009120000   (  5632 KB)\x0a      .data : 0xffffff80096f0000 - 0xffffff800987b008   (  1581 KB)\x0a    vmemmap : 0xffffffbdc0000000 - 0xffffffbfc0000000   (     8 GB maximum)\x0a              0xffffffbdc0008000 - 0xffffffbdc1000000   (    15 MB actual)\x0a    fixed   : 0xffffffbffe7fb000 - 0xffffffbffec00000   (  4116 KB)\x0a    PCI I/O : 0xffffffbffee00000 - 0xffffffbfffe00000   (    16 MB)\x0a    memory  : 0xffffffc000200000 - 0xffffffc040000000   (  1022 MB)
[    0.000000] SLUB: HWalign=64, Order=0-3, MinObjects=0, CPUs=4, Nodes=1
[    0.000000] Preemptible hierarchical RCU implementation.
[    0.000000] \x09Build-time adjustment of leaf fanout to 64.
[    0.000000] \x09RCU restricting CPUs from NR_CPUS=8 to nr_cpu_ids=4.
[    0.000000] RCU: Adjusting geometry for rcu_fanout_leaf=64, nr_cpu_ids=4
[    0.000000] NR_IRQS:64 nr_irqs:64 0
[    0.000000] GIC: Using split EOI/Deactivate mode
[    0.000000] rockchip_mmc_get_phase: invalid clk rate
[    0.000000] rockchip_mmc_get_phase: invalid clk rate
[    0.000000] rockchip_mmc_get_phase: invalid clk rate
[    0.000000] rockchip_mmc_get_phase: invalid clk rate
[    0.000000] rockchip_mmc_get_phase: invalid clk rate
[    0.000000] rockchip_mmc_get_phase: invalid clk rate
[    0.000000] Architected cp15 timer(s) running at 24.00MHz (phys).
[    0.000000] clocksource: arch_sys_counter: mask: 0xffffffffffffff max_cycles: 0x588fe9dc0, max_idle_ns: 440795202592 ns
[    0.000009] sched_clock: 56 bits at 24MHz, resolution 41ns, wraps every 4398046511097ns
[    0.001657] Calibrating delay loop (skipped), value calculated using timer frequency.. 48.00 BogoMIPS (lpj=80000)
[    0.001687] pid_max: default: 32768 minimum: 301
[    0.001796] Security Framework initialized
[    0.001813] SELinux:  Initializing.
[    0.001917] SELinux:  Starting in permissive mode
[    0.001981] Mount-cache hash table entries: 2048 (order: 2, 16384 bytes)
[    0.001999] Mountpoint-cache hash table entries: 2048 (order: 2, 16384 bytes)
[    0.003117] Initializing cgroup subsys memory
[    0.003170] Initializing cgroup subsys freezer
[    0.003665] sched-energy: CPU device node has no sched-energy-costs
[    0.003685] Invalid sched_group_energy for CPU0
[    0.003697] CPU0: update cpu_capacity 1024
[    0.003783] ASID allocator initialised with 32768 entries
[    0.033206] Detected VIPT I-cache on CPU1
[    0.033287] Invalid sched_group_energy for CPU1
[    0.033294] CPU1: update cpu_capacity 1024
[    0.033301] CPU1: Booted secondary processor [410fd042]
[    0.043237] Detected VIPT I-cache on CPU2
[    0.043297] Invalid sched_group_energy for CPU2
[    0.043303] CPU2: update cpu_capacity 1024
[    0.043309] CPU2: Booted secondary processor [410fd042]
[    0.053312] Detected VIPT I-cache on CPU3
[    0.053370] Invalid sched_group_energy for CPU3
[    0.053376] CPU3: update cpu_capacity 1024
[    0.053382] CPU3: Booted secondary processor [410fd042]
[    0.053514] Brought up 4 CPUs
[    0.053597] SMP: Total of 4 processors activated.
[    0.053612] CPU features: kernel page table isolation forced OFF by command line option
[    0.053626] CPU features: detected feature: 32-bit EL0 Support
[    0.053642] CPU: All CPU(s) started at EL2
[    0.053992] Invalid sched_group_energy for CPU3
[    0.054009] Invalid sched_group_energy for Cluster3
[    0.054020] Invalid sched_group_energy for CPU2
[    0.054031] Invalid sched_group_energy for Cluster2
[    0.054042] Invalid sched_group_energy for CPU1
[    0.054053] Invalid sched_group_energy for Cluster1
[    0.054063] Invalid sched_group_energy for CPU0
[    0.054075] Invalid sched_group_energy for Cluster0
[    0.055764] devtmpfs: initialized
[    0.091288] clocksource: jiffies: mask: 0xffffffff max_cycles: 0xffffffff, max_idle_ns: 6370867519511994 ns
[    0.091342] futex hash table entries: 1024 (order: 4, 65536 bytes)
[    0.092908] pinctrl core: initialized pinctrl subsystem
[    0.097161] Failed to find legacy iommu devices
[    0.098091] NET: Registered protocol family 16
[    0.100127] schedtune: init normalization constants...
[    0.100139] schedtune: no energy model data
[    0.100148] schedtune: disabled!
[    0.113960] cpuidle: using governor ladder
[    0.123984] cpuidle: using governor menu
[    0.124039] Registered FIQ tty driver
[    0.126007] vdso: 2 pages (1 code @ ffffff8008ba6000, 1 data @ ffffff80096f4000)
[    0.126060] hw-breakpoint: found 6 breakpoint and 4 watchpoint registers.
[    0.127378] DMA: preallocated 256 KiB pool for atomic allocations
[    0.154023] gpiochip_add_data: registered GPIOs 0 to 31 on device: gpio0
[    0.154178] gpiochip_add_data: registered GPIOs 32 to 63 on device: gpio1
[    0.154384] gpiochip_add_data: registered GPIOs 64 to 95 on device: gpio2
[    0.154530] gpiochip_add_data: registered GPIOs 96 to 127 on device: gpio3
[    0.168881] console [pstore-1] enabled
[    0.169411] pstore: Registered ramoops as persistent store backend
[    0.169436] ramoops: attached 0xf0000@0x110000, ecc: 0/0
[    0.230855] rockchip-pm rockchip-suspend: not set pwm-regulator-config
[    0.231996] of_get_named_gpiod_flags: can't parse 'gpio' property of node '/vccsys[0]'
[    0.233155] iommu: Adding device ff440000.hevc_service to group 0
[    0.233291] iommu: Adding device ff442000.vpu_service to group 1
[    0.233440] iommu: Adding device ff460000.vop to group 2
[    0.233568] iommu: Adding device ff470000.vop to group 3
[    0.233696] iommu: Adding device ff490000.cif-new to group 4
[    0.233827] iommu: Adding device ff4a0000.rkisp1 to group 5
[    0.234692] rk_iommu ff440440.iommu: can't get sclk
[    0.235296] rk_iommu ff442800.iommu: can't get sclk
[    0.235653] rk_iommu ff460f00.iommu: can't get sclk
[    0.235934] rk_iommu ff470f00.iommu: can't get sclk
[    0.236266] rk_iommu ff490800.iommu: can't get sclk
[    0.236544] rk_iommu ff4a8000.iommu: can't get sclk
[    0.237312] SCSI subsystem initialized
[    0.237715] usbcore: registered new interface driver usbfs
[    0.237809] usbcore: registered new interface driver hub
[    0.237943] usbcore: registered new device driver usb
[    0.238912] media: Linux media interface: v0.10
[    0.238996] Linux video capture interface: v2.00
[    0.239363] pps_core: LinuxPPS API ver. 1 registered
[    0.239381] pps_core: Software ver. 5.3.6 - Copyright 2005-2007 Rodolfo Giometti <giometti@linux.it>
[    0.239429] PTP clock support registered
[    0.243356] Advanced Linux Sound Architecture Driver Initialized.
[    0.244354] Bluetooth: Core ver 2.21
[    0.244446] NET: Registered protocol family 31
[    0.244461] Bluetooth: HCI device and connection manager initialized
[    0.244485] Bluetooth: HCI socket layer initialized
[    0.244505] Bluetooth: L2CAP socket layer initialized
[    0.244599] Bluetooth: SCO socket layer initialized
[    0.246241] rockchip-cpuinfo cpuinfo: Serial\x09\x09: 059b3a795cb275f5
[    0.248857] clocksource: Switched to clocksource arch_sys_counter
[    0.349399] thermal thermal_zone1: power_allocator: sustainable_power will be estimated
[    0.349927] NET: Registered protocol family 2
[    0.350874] TCP established hash table entries: 8192 (order: 4, 65536 bytes)
[    0.351048] TCP bind hash table entries: 8192 (order: 5, 131072 bytes)
[    0.351291] TCP: Hash tables configured (established 8192 bind 8192)
[    0.351429] UDP hash table entries: 512 (order: 2, 16384 bytes)
[    0.351494] UDP-Lite hash table entries: 512 (order: 2, 16384 bytes)
[    0.351839] NET: Registered protocol family 1
[    0.352274] PCI: CLS 0 bytes, default 64
[    0.355958] hw perfevents: enabled with armv8_cortex_a53 PMU driver, 7 counters available
[    0.361074] audit: initializing netlink subsys (disabled)
[    0.361190] audit: type=2000 audit(0.356:1): initialized
[    0.373120] VFS: Disk quotas dquot_6.6.0
[    0.373385] VFS: Dquot-cache hash table entries: 512 (order 0, 4096 bytes)
[    0.375434] Registering sdcardfs 0.1
[    0.376852] fuse init (API version 7.23)
[    0.378608] SELinux:  Registering netfilter hooks
[    0.379385] \x0aTEE Core Framework initialization (ver 1:0.1)
[    0.379483] TEE armv7 Driver initialization
[    0.380232] tz_tee_probe: name="armv7sec", id=0, pdev_name="armv7sec.0"
[    0.380255] TEE core: Alloc the misc device "opteearmtz00" (id=0)
[    0.380707] TEE Core: Register the misc device "opteearmtz00" (id=0,minor=62)
[    0.389013] Block layer SCSI generic (bsg) driver version 0.4 loaded (major 245)
[    0.389060] io scheduler noop registered
[    0.389410] io scheduler cfq registered (default)
[    0.392096] phy phy-ff2c0000.syscon:usb2-phy@100.1: Failed to get VBUS supply regulator
[    0.401320] pwm-backlight backlight: GPIO lookup for consumer enable
[    0.401358] pwm-backlight backlight: using device tree for GPIO lookup
[    0.401452] of_get_named_gpiod_flags: parsed 'enable-gpios' property of node '/backlight[0]' - status (0)
[    0.401494] no flags found for enable
[    0.401566] backlight supply power not found, using dummy regulator
[    0.402437] Module initialized.
[    0.403103] rk-vcodec vpu_combo: no regulator for vcodec
[    0.403691] rk-vcodec vpu_combo: failed on clk_get clk_cabac
[    0.403878] platform ff442000.vpu_service: probe device
[    0.404338] platform ff442000.vpu_service: drm allocator with mmu enabled
[    0.405781] platform ff440000.hevc_service: probe device
[    0.406253] platform ff440000.hevc_service: drm allocator with mmu enabled
[    0.407254] rk-vcodec vpu_combo: could not find power_model node
[    0.407282] rk-vcodec vpu_combo: init success
[    0.413433] dma-pl330 ff240000.dmac: Loaded driver for PL330 DMAC-241330
[    0.413474] dma-pl330 ff240000.dmac: \x09DBUFF-128x8bytes Num_Chans-8 Num_Peri-32 Num_Events-16
[    0.414155] rockchip-pvtm ff010000.syscon:pmu-pvtm: failed to get rst 0 pmu
[    0.414431] rockchip-pvtm ff148000.syscon:pvtm: failed to get rst 0 core
[    0.417034] Serial: 8250/16550 driver, 6 ports, IRQ sharing disabled
[    0.418159] ff158000.serial: ttyS1 at MMIO 0xff158000 (irq = 12, base_baud = 2500000) is a 16550A
[    0.419330] [drm] Initialized drm 1.1.0 20060810
[    0.426693] [drm] Rockchip DRM driver version: v1.0.1
[    0.427173] rockchip-drm display-subsystem: devfreq is not set
[    0.428061] rockchip-drm display-subsystem: bound ff460000.vop (ops vop_component_ops)
[    0.428390] rockchip-drm display-subsystem: bound ff470000.vop (ops vop_component_ops)
[    0.428436] rockchip-drm display-subsystem: failed to bind ff450000.dsi (ops dw_mipi_dsi_ops): -517
[    0.429074] rockchip-drm display-subsystem: master bind failed: -517
[    0.434321] ff450000.dsi.0 supply power not found, using dummy regulator
[    0.434463] panel-simple-dsi ff450000.dsi.0: GPIO lookup for consumer enable
[    0.434484] panel-simple-dsi ff450000.dsi.0: using device tree for GPIO lookup
[    0.434638] of_get_named_gpiod_flags: parsed 'enable-gpios' property of node '/dsi@ff450000/panel@0[0]' - status (0)
[    0.434678] no flags found for enable
[    0.434700] panel-simple-dsi ff450000.dsi.0: GPIO lookup for consumer reset
[    0.434718] panel-simple-dsi ff450000.dsi.0: using device tree for GPIO lookup
[    0.434771] of_get_named_gpiod_flags: parsed 'reset-gpios' property of node '/dsi@ff450000/panel@0[0]' - status (0)
[    0.434796] no flags found for reset
[    0.434819] panel-simple-dsi ff450000.dsi.0: GPIO lookup for consumer stbyb
[    0.434837] panel-simple-dsi ff450000.dsi.0: using device tree for GPIO lookup
[    0.434880] of_get_named_gpiod_flags: parsed 'stbyb-gpios' property of node '/dsi@ff450000/panel@0[0]' - status (0)
[    0.434904] no flags found for stbyb
[    0.436232] mali ff400000.gpu: Failed to get regulator
[    0.436263] mali ff400000.gpu: Power control initialization failed
[    0.436855] Unable to detect cache hierarchy for CPU 0
[    0.454919] brd: module loaded
[    0.466018] loop: module loaded
[    0.467199] zram: Added device: zram0
[    0.469246] SCSI Media Changer driver v0.25 
[    0.470913] tun: Universal TUN/TAP device driver, 1.6
[    0.470938] tun: (C) 1999-2004 Max Krasnyansky <maxk@qualcomm.com>
[    0.472608] PPP generic driver version 2.4.2
[    0.472982] PPP BSD Compression module registered
[    0.473009] PPP Deflate Compression module registered
[    0.473063] PPP MPPE Compression module registered
[    0.473097] NET: Registered protocol family 24
[    0.473182] SLIP: version 0.8.4-NET3.019-NEWTTY (dynamic channels, max=256) (6 bit encapsulation enabled).
[    0.473197] CSLIP: code copyright 1989 Regents of the University of California.
[    0.473227] Rockchip WiFi SYS interface (V1.00) ... 
[    0.473418] usbcore: registered new interface driver catc
[    0.473511] usbcore: registered new interface driver kaweth
[    0.473538] pegasus: v0.9.3 (2013/04/25), Pegasus/Pegasus II USB Ethernet driver
[    0.473618] usbcore: registered new interface driver pegasus
[    0.473708] usbcore: registered new interface driver rtl8150
[    0.473797] usbcore: registered new interface driver r8152
[    0.473822] hso: drivers/net/usb/hso.c: Option Wireless
[    0.473959] usbcore: registered new interface driver hso
[    0.474063] usbcore: registered new interface driver asix
[    0.474155] usbcore: registered new interface driver ax88179_178a
[    0.474245] usbcore: registered new interface driver cdc_ether
[    0.474335] usbcore: registered new interface driver cdc_eem
[    0.474431] usbcore: registered new interface driver dm9601
[    0.474542] usbcore: registered new interface driver smsc75xx
[    0.474652] usbcore: registered new interface driver smsc95xx
[    0.474742] usbcore: registered new interface driver gl620a
[    0.474839] usbcore: registered new interface driver net1080
[    0.474936] usbcore: registered new interface driver plusb
[    0.475027] usbcore: registered new interface driver rndis_host
[    0.475120] usbcore: registered new interface driver cdc_subset
[    0.475211] usbcore: registered new interface driver zaurus
[    0.475304] usbcore: registered new interface driver MOSCHIP usb-ethernet driver
[    0.475442] usbcore: registered new interface driver int51x1
[    0.475631] usbcore: registered new interface driver kalmia
[    0.475729] usbcore: registered new interface driver ipheth
[    0.475828] usbcore: registered new interface driver sierra_net
[    0.475922] usbcore: registered new interface driver cx82310_eth
[    0.476040] usbcore: registered new interface driver cdc_ncm
[    0.476135] usbcore: registered new interface driver qmi_wwan
[    0.476227] usbcore: registered new interface driver cdc_mbim
[    0.478229] ff300000.usb supply vusb_d not found, using dummy regulator
[    0.478369] ff300000.usb supply vusb_a not found, using dummy regulator
[    0.592273] dwc2 ff300000.usb: EPs: 10, dedicated fifos, 972 entries in SPRAM
[    0.593192] dwc2 ff300000.usb: DWC OTG Controller
[    0.593255] dwc2 ff300000.usb: new USB bus registered, assigned bus number 1
[    0.593342] dwc2 ff300000.usb: irq 20, io mem 0xff300000
[    0.593654] usb usb1: New USB device found, idVendor=1d6b, idProduct=0002
[    0.593678] usb usb1: New USB device strings: Mfr=3, Product=2, SerialNumber=1
[    0.593699] usb usb1: Product: DWC OTG Controller
[    0.593718] usb usb1: Manufacturer: Linux 4.4.167 dwc2_hsotg
[    0.593736] usb usb1: SerialNumber: ff300000.usb
[    0.594795] hub 1-0:1.0: USB hub found
[    0.594862] hub 1-0:1.0: 1 port detected
[    0.597034] ehci_hcd: USB 2.0 'Enhanced' Host Controller (EHCI) Driver
[    0.597073] ehci-pci: EHCI PCI platform driver
[    0.597222] ehci-platform: EHCI generic platform driver
[    0.597873] ohci_hcd: USB 1.1 'Open' Host Controller (OHCI) Driver
[    0.597927] ohci-platform: OHCI generic platform driver
[    0.599174] usbcore: registered new interface driver cdc_acm
[    0.599194] cdc_acm: USB Abstract Control Model driver for USB modems and ISDN adapters
[    0.599320] usbcore: registered new interface driver usblp
[    0.599418] usbcore: registered new interface driver cdc_wdm
[    0.599516] usbcore: registered new interface driver uas
[    0.599672] usbcore: registered new interface driver usb-storage
[    0.599762] usbcore: registered new interface driver ums-alauda
[    0.599855] usbcore: registered new interface driver ums-cypress
[    0.599943] usbcore: registered new interface driver ums-datafab
[    0.600031] usbcore: registered new interface driver ums_eneub6250
[    0.600117] usbcore: registered new interface driver ums-freecom
[    0.600205] usbcore: registered new interface driver ums-isd200
[    0.600298] usbcore: registered new interface driver ums-jumpshot
[    0.600386] usbcore: registered new interface driver ums-karma
[    0.600474] usbcore: registered new interface driver ums-onetouch
[    0.600562] usbcore: registered new interface driver ums-sddr09
[    0.600651] usbcore: registered new interface driver ums-sddr55
[    0.600739] usbcore: registered new interface driver ums-usbat
[    0.600913] usbcore: registered new interface driver usbserial
[    0.600998] usbcore: registered new interface driver usbserial_generic
[    0.601063] usbserial: USB Serial support registered for generic
[    0.601153] usbcore: registered new interface driver option
[    0.601213] usbserial: USB Serial support registered for GSM modem (1-port)
[    0.601387] usbcore: registered new interface driver trancevibrator
[    0.601415] usb20_otg: version 3.10a 21-DEC-2012
[    0.601839] usb20_host: version 3.10a 21-DEC-2012
[    0.603404] usbcore: registered new interface driver xpad
[    0.603535] usbcore: registered new interface driver usb_acecad
[    0.603637] usbcore: registered new interface driver aiptek
[    0.603754] usbcore: registered new interface driver gtco
[    0.603856] usbcore: registered new interface driver hanwang
[    0.603955] usbcore: registered new interface driver kbtab
[    0.604442] sensor_register_slave:kxtj9,id=11
[    0.604472] sensor_register_slave:mma7660,id=19
[    0.604499] sensor_register_slave:gs_mc3230,id=24
[    0.604512] [Gsensor]   gsensor_init
[    0.604538] sensor_register_slave:gs_sc7a30,id=18
[    0.604566] sensor_register_slave:mpu6500_acc,id=26
[    0.604593] sensor_register_slave:bma2xx_acc,id=28
[    0.604620] sensor_register_slave:akm8975,id=31
[    0.604647] sensor_register_slave:akm8963,id=32
[    0.604674] sensor_register_slave:l3g4200d,id=46
[    0.604700] sensor_register_slave:l3g20d,id=47
[    0.604727] sensor_register_slave:ewtsa,id=48
[    0.604753] sensor_register_slave:lsm330_gyro,id=52
[    0.604781] sensor_register_slave:cm3217,id=54
[    0.604807] sensor_register_slave:cm3218,id=55
[    0.604834] sensor_register_slave:ls_stk3410,id=63
[    0.604861] sensor_register_slave:ps_stk3410,id=68
[    0.606903] i2c /dev entries driver
[    0.610170] rk808 0-0020: Pmic Chip id: 0x8090
[    0.611271] rk808 0-0020: source: on=0x40, off=0x00
[    0.613884] rk808 0-0020: support dcdc3 fb mode:-22, 1013309472
[    0.614733] rk808 0-0020: support pmic reset mode:0,1
[    0.615024] gpiochip_find_base: found new base at 511
[    0.615225] gpiochip_add_data: registered GPIOs 511 to 511 on device: rk817-gpio
[    0.615405] GPIO chip rk817-gpio: created GPIO range 0->0 ==> rk805-pinctrl PIN 0->0
[    0.622721] rk808 0-0020: GPIO lookup for consumer dvs
[    0.622757] rk808 0-0020: using device tree for GPIO lookup
[    0.622785] of_get_named_gpiod_flags: can't parse 'dvs-gpios' property of node '/i2c@ff180000/pmic@20[0]'
[    0.622806] of_get_named_gpiod_flags: can't parse 'dvs-gpio' property of node '/i2c@ff180000/pmic@20[0]'
[    0.622823] rk808 0-0020: using lookup tables for GPIO lookup
[    0.622842] rk808 0-0020: lookup for GPIO dvs failed
[    0.622862] rk808-regulator rk808-regulator: there is no dvs0 gpio
[    0.622880] rk808 0-0020: GPIO lookup for consumer dvs
[    0.622897] rk808 0-0020: using device tree for GPIO lookup
[    0.622916] of_get_named_gpiod_flags: can't parse 'dvs-gpios' property of node '/i2c@ff180000/pmic@20[1]'
[    0.622936] of_get_named_gpiod_flags: can't parse 'dvs-gpio' property of node '/i2c@ff180000/pmic@20[1]'
[    0.622953] rk808 0-0020: using lookup tables for GPIO lookup
[    0.622970] rk808 0-0020: lookup for GPIO dvs failed
[    0.622989] rk808-regulator rk808-regulator: there is no dvs1 gpio
[    0.623319] DCDC_REG1: supplied by vcc5v0_sys
[    0.628452] DCDC_REG2: supplied by vcc5v0_sys
[    0.633466] DCDC_REG3: supplied by vcc5v0_sys
[    0.637548] DCDC_REG4: supplied by vcc5v0_sys
[    0.641617] DCDC_REG5: supplied by vcc5v0_sys
[    0.645070] LDO_REG1: supplied by vcc3v3_sys
[    0.649503] LDO_REG2: supplied by vcc3v3_sys
[    0.653853] LDO_REG3: supplied by vcc3v3_sys
[    0.658253] LDO_REG4: supplied by vcc3v3_sys
[    0.662654] LDO_REG5: supplied by vcc3v3_sys
[    0.667532] LDO_REG6: supplied by vcc3v3_sys
[    0.669043] vcc_sd: Bringing 3000000uV into 3300000-3300000uV
[    0.672413] LDO_REG7: supplied by vcc3v3_sys
[    0.676325] LDO_REG8: supplied by vcc3v3_sys
[    0.680280] LDO_REG9: supplied by vcc3v3_sys
[    0.684405] SWITCH_REG1: supplied by vcc5v0_sys
[    0.686911] SWITCH_REG2: supplied by vcc3v3_sys
[    0.690680] rk817-battery rk817-battery: fb_temperature missing!
[    0.690711] rk817-battery rk817-battery: energy_mode missing!
[    0.690737] rk817-battery rk817-battery: zero_reserve_dsoc missing!
[    0.690762] rk817-battery rk817-battery: sleep_filter_current missing!
[    0.690787] rk817-battery rk817-battery: battery design_max_voltage missing!
[    0.718415] rk817-bat: initialized yet..
[    0.766189] thermal thermal_zone2: power_allocator: sustainable_power will be estimated
[    0.773172] rk817-charger rk817-charger: Failed to find matching dt id
[    0.779743] input: rk8xx_pwrkey as /devices/platform/ff180000.i2c/i2c-0/0-0020/input/input0
[    0.791668] rk808-rtc rk808-rtc: rtc core: registered rk808-rtc as rtc0
[    0.795592] rk3x-i2c ff180000.i2c: Initialized RK3xxx I2C bus at ffffff8009b56000
[    0.797083] GSLX680 Enter gsl_ts_probe
[    0.797207] of_get_named_gpiod_flags: parsed 'touch-gpio' property of node '/i2c@ff190000/ts@40[0]' - status (0)
[    0.797250] of_get_named_gpiod_flags: parsed 'wake-gpio' property of node '/i2c@ff190000/ts@40[0]' - status (0)
[    0.797349] 1-0040 supply rst not found, using dummy regulator
[    0.797460] [GSLX680] Enter gsl_ts_init_ts
[    0.798114] input: gslX680-d708 as /devices/platform/ff190000.i2c/i2c-1/1-0040/input/input1
[    0.946353] read 0xfc = b4 82 0 0
[    0.992734] I read reg 0xf0 is 0
[    0.999210] I write reg 0xf0 0x12
[    1.006067] I read reg 0xf0 is 0x12
[    1.288873] =============gsl_load_fw start==============
[    1.288889] Enter gsl1680f 
[    3.116987] =============gsl_load_fw end==============
[    3.226653] [GSLX680] End gsl_ts_probe
[    3.226738] rk3x-i2c ff190000.i2c: Initialized RK3xxx I2C bus at ffffff8009b5e000
[    3.228284] rk3x-i2c ff1a0000.i2c: Initialized RK3xxx I2C bus at ffffff8009b72000
[    3.230126] IR NEC protocol handler initialized
[    3.230155] IR RC5(x/sz) protocol handler initialized
[    3.230178] IR RC6 protocol handler initialized
[    3.230200] IR JVC protocol handler initialized
[    3.230222] IR Sony protocol handler initialized
[    3.230245] IR SANYO protocol handler initialized
[    3.230267] IR Sharp protocol handler initialized
[    3.230290] IR MCE Keyboard/mouse protocol handler initialized
[    3.230312] IR XMP protocol handler initialized
[    3.231335] rkisp1 ff4a0000.rkisp1: rkisp1 driver version: v00.01.03
[    3.234248] rkisp1 ff4a0000.rkisp1: GPIO lookup for consumer vsirq
[    3.234282] rkisp1 ff4a0000.rkisp1: using device tree for GPIO lookup
[    3.234307] of_get_named_gpiod_flags: can't parse 'vsirq-gpios' property of node '/rkisp1@ff4a0000[0]'
[    3.234327] of_get_named_gpiod_flags: can't parse 'vsirq-gpio' property of node '/rkisp1@ff4a0000[0]'
[    3.234345] rkisp1 ff4a0000.rkisp1: using lookup tables for GPIO lookup
[    3.234365] rkisp1 ff4a0000.rkisp1: lookup for GPIO vsirq failed
[    3.234958] usbcore: registered new interface driver uvcvideo
[    3.234977] USB Video Class driver (1.1.1)
[    3.235012] CamSys driver version: v0.48.0, CamSys head file version: v1.0.0
[    3.236197] test_power_init: could not find dev node
[    3.246252] Boot mode: coldboot
[    3.247579] rockchip-thermal ff280000.tsadc: Missing tshut mode property, using default (cru)
[    3.247619] rockchip-thermal ff280000.tsadc: Missing tshut-polarity property, using default (low)
[    3.247804] rk_tsadcv2_temp_to_code: Invalid conversion table: code=4095, temperature=2147483647
[    3.248182] rockchip-thermal ff280000.tsadc: tsadc is probed successfully!
[    3.249378] device-mapper: uevent: version 1.0.3
[    3.250006] device-mapper: ioctl: 4.34.0-ioctl (2015-10-28) initialised: dm-devel@redhat.com
[    3.250291] device-mapper: verity-avb: AVB error handler initialized with vbmeta device: 
[    3.250335] Bluetooth: HCI UART driver ver 2.3
[    3.250353] Bluetooth: HCI UART protocol H4 registered
[    3.250368] Bluetooth: HCI UART protocol LL registered
[    3.250393] rtk_btusb: RTKBT_RELEASE_NAME: 20180702_BT_ANDROID_8.1
[    3.250406] rtk_btusb: Realtek Bluetooth USB driver module init, version 4.1.5
[    3.250418] rtk_btusb: Register usb char device interface for BT driver
[    3.250863] usbcore: registered new interface driver rtk_btusb
[    3.251462] cpu cpu0: bin=0
[    3.251540] cpu cpu0: leakage=10
[    3.267544] cpu cpu0: temp=35454, pvtm=55358 (55078 + 280)
[    3.270539] cpu cpu0: pvtm-volt-sel=2
[    3.270691] cpu cpu0: bin-scale=13
[    3.274638] cpu cpu0: avs=1
[    3.274815] cpu cpu0: l=0 h=2147483647 hyst=5000 l_limit=1008000000 h_limit=0
[    3.279119] cpu cpu0: failed to find power_model node
[    3.280505] sdhci: Secure Digital Host Controller Interface driver
[    3.280524] sdhci: Copyright(c) Pierre Ossman
[    3.280549] Synopsys Designware Multimedia Card Interface Driver
[    3.282556] dwmmc_rockchip ff370000.dwmmc: num-slots property not found, assuming 1 slot is available
[    3.282731] dwmmc_rockchip ff370000.dwmmc: IDMAC supports 32-bit address mode.
[    3.282929] dwmmc_rockchip ff370000.dwmmc: Using internal DMA controller.
[    3.282959] dwmmc_rockchip ff370000.dwmmc: Version ID is 270a
[    3.283074] dwmmc_rockchip ff370000.dwmmc: DW MMC controller at irq 21,32 bit host data width,256 deep fifo
[    3.284007] dwmmc_rockchip ff370000.dwmmc: GPIO lookup for consumer cd
[    3.284031] dwmmc_rockchip ff370000.dwmmc: using device tree for GPIO lookup
[    3.284055] of_get_named_gpiod_flags: can't parse 'cd-gpios' property of node '/dwmmc@ff370000[0]'
[    3.284075] of_get_named_gpiod_flags: can't parse 'cd-gpio' property of node '/dwmmc@ff370000[0]'
[    3.284094] dwmmc_rockchip ff370000.dwmmc: using lookup tables for GPIO lookup
[    3.284114] dwmmc_rockchip ff370000.dwmmc: lookup for GPIO cd failed
[    3.284136] dwmmc_rockchip ff370000.dwmmc: GPIO lookup for consumer wp
[    3.284154] dwmmc_rockchip ff370000.dwmmc: using device tree for GPIO lookup
[    3.284173] of_get_named_gpiod_flags: can't parse 'wp-gpios' property of node '/dwmmc@ff370000[0]'
[    3.284192] of_get_named_gpiod_flags: can't parse 'wp-gpio' property of node '/dwmmc@ff370000[0]'
[    3.284210] dwmmc_rockchip ff370000.dwmmc: using lookup tables for GPIO lookup
[    3.284228] dwmmc_rockchip ff370000.dwmmc: lookup for GPIO wp failed
[    3.287938] rockchip-iodomain ff140000.syscon:io-domains: Setting to 3300000 done
[    3.288992] rockchip-iodomain ff140000.syscon:io-domains: Setting to 3300000 done
[    3.302699] mmc_host mmc0: Bus speed (slot 0) = 400000Hz (slot req 400000Hz, actual 400000HZ div = 0)
[    3.315822] dwmmc_rockchip ff370000.dwmmc: 1 slots initialized
[    3.318290] dwmmc_rockchip ff380000.dwmmc: num-slots property not found, assuming 1 slot is available
[    3.318464] dwmmc_rockchip ff380000.dwmmc: IDMAC supports 32-bit address mode.
[    3.318604] dwmmc_rockchip ff380000.dwmmc: Using internal DMA controller.
[    3.318634] dwmmc_rockchip ff380000.dwmmc: Version ID is 270a
[    3.318731] dwmmc_rockchip ff380000.dwmmc: DW MMC controller at irq 22,32 bit host data width,256 deep fifo
[    3.318916] dwmmc_rockchip ff380000.dwmmc: No vmmc regulator found
[    3.318937] dwmmc_rockchip ff380000.dwmmc: No vqmmc regulator found
[    3.318974] dwmmc_rockchip ff380000.dwmmc: GPIO lookup for consumer wp
[    3.318992] dwmmc_rockchip ff380000.dwmmc: using device tree for GPIO lookup
[    3.319016] of_get_named_gpiod_flags: can't parse 'wp-gpios' property of node '/dwmmc@ff380000[0]'
[    3.319036] of_get_named_gpiod_flags: can't parse 'wp-gpio' property of node '/dwmmc@ff380000[0]'
[    3.319054] dwmmc_rockchip ff380000.dwmmc: using lookup tables for GPIO lookup
[    3.319073] dwmmc_rockchip ff380000.dwmmc: lookup for GPIO wp failed
[    3.319406] platform sdio-pwrseq: GPIO lookup for consumer reset
[    3.319425] platform sdio-pwrseq: using device tree for GPIO lookup
[    3.319470] of_get_named_gpiod_flags: parsed 'reset-gpios' property of node '/sdio-pwrseq[0]' - status (0)
[    3.319536] dwmmc_rockchip ff380000.dwmmc: allocated mmc-pwrseq
[    3.332649] mmc_host mmc1: Bus speed (slot 0) = 400000Hz (slot req 400000Hz, actual 400000HZ div = 0)
[    3.345831] dwmmc_rockchip ff380000.dwmmc: 1 slots initialized
[    3.346591] dwmmc_rockchip ff390000.dwmmc: IDMAC supports 32-bit address mode.
[    3.346756] dwmmc_rockchip ff390000.dwmmc: Using internal DMA controller.
[    3.346787] dwmmc_rockchip ff390000.dwmmc: Version ID is 270a
[    3.346902] dwmmc_rockchip ff390000.dwmmc: DW MMC controller at irq 23,32 bit host data width,256 deep fifo
[    3.347003] dwmmc_rockchip ff390000.dwmmc: No vmmc regulator found
[    3.347022] dwmmc_rockchip ff390000.dwmmc: No vqmmc regulator found
[    3.347056] dwmmc_rockchip ff390000.dwmmc: GPIO lookup for consumer wp
[    3.347075] dwmmc_rockchip ff390000.dwmmc: using device tree for GPIO lookup
[    3.347098] of_get_named_gpiod_flags: can't parse 'wp-gpios' property of node '/dwmmc@ff390000[0]'
[    3.347118] of_get_named_gpiod_flags: can't parse 'wp-gpio' property of node '/dwmmc@ff390000[0]'
[    3.347136] dwmmc_rockchip ff390000.dwmmc: using lookup tables for GPIO lookup
[    3.347156] dwmmc_rockchip ff390000.dwmmc: lookup for GPIO wp failed
[    3.359324] mmc_host mmc2: Bus speed (slot 0) = 400000Hz (slot req 400000Hz, actual 400000HZ div = 0)
[    3.365715] mmc_host mmc1: Bus speed (slot 0) = 50000000Hz (slot req 50000000Hz, actual 50000000HZ div = 0)
[    3.367102] mmc1: new high speed SDIO card at address 0001
[    3.372390] dwmmc_rockchip ff390000.dwmmc: 1 slots initialized
[    3.372804] sdhci-pltfm: SDHCI platform and OF driver helper
[    3.373929] hidraw: raw HID events driver (C) Jiri Kosina
[    3.380790] usbcore: registered new interface driver usbhid
[    3.380820] usbhid: USB HID core driver
[    3.381067] inv_mpu_iio: inv_mpu_init:746
[    3.384567] ashmem: initialized
[    3.397311] rockchip-dmc dmc: unable to get devfreq-event device : dfi
[    3.404010] optee: probing for conduit method from DT.
[    3.405005] optee: initialized driver
[    3.405043] rknandbase v1.2 2018-05-08
[    3.405860] rknand ff3b0000.nandc: rknand_probe clk rate = 150000000
[    3.406392] ftl_init fffffffe
[    3.406407] rk_ftl_init fail
[    3.407141] usbcore: registered new interface driver snd-usb-audio
[    3.408369] dummy_codec dummy-codec: Unable to get mclk
[    3.410018] rk817_platform_probe
[    3.410047] rk817_codec_parse_dt_property()
[    3.410073] rk817-codec rk817-codec: GPIO lookup for consumer hp-ctl
[    3.410087] rk817-codec rk817-codec: using device tree for GPIO lookup
[    3.410103] of_get_named_gpiod_flags: can't parse 'hp-ctl-gpios' property of node '/i2c@ff180000/pmic@20/codec[0]'
[    3.410119] of_get_named_gpiod_flags: can't parse 'hp-ctl-gpio' property of node '/i2c@ff180000/pmic@20/codec[0]'
[    3.410132] rk817-codec rk817-codec: using lookup tables for GPIO lookup
[    3.410147] rk817-codec rk817-codec: lookup for GPIO hp-ctl failed
[    3.410163] rk817-codec rk817-codec: GPIO lookup for consumer spk-ctl
[    3.410176] rk817-codec rk817-codec: using device tree for GPIO lookup
[    3.410266] of_get_named_gpiod_flags: parsed 'spk-ctl-gpios' property of node '/i2c@ff180000/pmic@20/codec[0]' - status (0)
[    3.410317] rk817_codec_parse_dt_property : spk-ctl-gpio 106
[    3.410336] rk817-codec rk817-codec: GPIO lookup for consumer pa-drv
[    3.410350] rk817-codec rk817-codec: using device tree for GPIO lookup
[    3.410386] of_get_named_gpiod_flags: parsed 'pa-drv-gpios' property of node '/i2c@ff180000/pmic@20/codec[0]' - status (0)
[    3.410415] rk817_codec_parse_dt_property : pa_drv_gpio 96
[    3.410424] -->yzw add pa-drv
[    3.410435] rk817_codec_parse_dt_property() Can not read property spk-mute-delay-ms
[    3.410446] rk817_codec_parse_dt_property() Can not read property hp-mute-delay-ms
[    3.410457] spk mute delay 0ms --- hp mute delay 0ms
[    3.410471] rk817_codec_parse_dt_property() Can not read property capture-volume
[    3.419289] u32 classifier
[    3.419319] Actions configured
[    3.419380] Netfilter messages via NETLINK v0.30.
[    3.419482] nf_conntrack version 0.5.0 (7547 buckets, 30188 max)
[    3.420045] ctnetlink v0.93: registering with nfnetlink.
[    3.421291] xt_time: kernel timezone is -0000
[    3.421499] IPv4 over IPsec tunneling driver
[    3.422967] ip_tables: (C) 2000-2006 Netfilter Core Team
[    3.423404] arp_tables: (C) 2002 David S. Miller
[    3.423810] Initializing XFRM netlink socket
[    3.424616] NET: Registered protocol family 10
[    3.426432] mip6: Mobile IPv6
[    3.426498] ip6_tables: (C) 2000-2006 Netfilter Core Team
[    3.428710] sit: IPv6 over IPv4 tunneling driver
[    3.429042] mmc2: MAN_BKOPS_EN bit is not set
[    3.430775] NET: Registered protocol family 17
[    3.430853] NET: Registered protocol family 15
[    3.430930] bridge: automatic filtering via arp/ip/ip6tables has been deprecated. Update your scripts to load br_netfilter if you need this.
[    3.431682] Bridge firewalling registered
[    3.431708] Ebtables v2.0 registered
[    3.432023] Bluetooth: RFCOMM TTY layer initialized
[    3.432063] Bluetooth: RFCOMM socket layer initialized
[    3.432126] Bluetooth: RFCOMM ver 1.11
[    3.432218] Bluetooth: BNEP (Ethernet Emulation) ver 1.3
[    3.432232] Bluetooth: BNEP filters: protocol multicast
[    3.432252] Bluetooth: BNEP socket layer initialized
[    3.432271] Bluetooth: HIDP (Human Interface Emulation) ver 1.2
[    3.432291] Bluetooth: HIDP socket layer initialized
[    3.432363] l2tp_core: L2TP core driver, V2.0
[    3.432393] l2tp_ppp: PPPoL2TP kernel driver, V2.0
[    3.432414] [WLAN_RFKILL]: Enter rfkill_wlan_init
[    3.433132] mmc_host mmc2: Bus speed (slot 0) = 150000000Hz (slot req 150000000Hz, actual 150000000HZ div = 0)
[    3.433495] [WLAN_RFKILL]: Enter rfkill_wlan_probe
[    3.433513] [WLAN_RFKILL]: wlan_platdata_parse_dt: wifi_chip_type = rtl8723bs
[    3.433524] [WLAN_RFKILL]: wlan_platdata_parse_dt: enable wifi power control.
[    3.433534] [WLAN_RFKILL]: wlan_platdata_parse_dt: wifi power controled by gpio.
[    3.433548] of_get_named_gpiod_flags: can't parse 'WIFI,poweren_gpio' property of node '/wireless-wlan[0]'
[    3.433561] of_get_named_gpiod_flags: can't parse 'WIFI,vbat_gpio' property of node '/wireless-wlan[0]'
[    3.433575] of_get_named_gpiod_flags: can't parse 'WIFI,reset_gpio' property of node '/wireless-wlan[0]'
[    3.433726] of_get_named_gpiod_flags: parsed 'WIFI,host_wake_irq' property of node '/wireless-wlan[0]' - status (0)
[    3.433738] [WLAN_RFKILL]: wlan_platdata_parse_dt: get property: WIFI,host_wake_irq = 5, flags = 0.
[    3.433792] [WLAN_RFKILL]: wlan_platdata_parse_dt: clk_get wifi 32k failed!!!.
[    3.433807] [WLAN_RFKILL]: wlan_platdata_parse_dt: The ref_wifi_clk not found !
[    3.433819] [WLAN_RFKILL]: rfkill_wlan_probe: init gpio
[    3.433835] [WLAN_RFKILL]: Exit rfkill_wlan_probe
[    3.433949] [BT_RFKILL]: Enter rfkill_rk_init
[    3.434705] of_get_named_gpiod_flags: parsed 'uart_rts_gpios' property of node '/wireless-bluetooth[0]' - status (0)
[    3.434726] [BT_RFKILL]: bluetooth_platdata_parse_dt: get property: uart_rts_gpios = 51.
[    3.434745] of_get_named_gpiod_flags: can't parse 'BT,power_gpio' property of node '/wireless-bluetooth[0]'
[    3.434778] of_get_named_gpiod_flags: parsed 'BT,reset_gpio' property of node '/wireless-bluetooth[0]' - status (0)
[    3.434790] [BT_RFKILL]: bluetooth_platdata_parse_dt: get property: BT,reset_gpio = 17.
[    3.434818] of_get_named_gpiod_flags: parsed 'BT,wake_gpio' property of node '/wireless-bluetooth[0]' - status (0)
[    3.434830] [BT_RFKILL]: bluetooth_platdata_parse_dt: get property: BT,wake_gpio = 1.
[    3.434859] of_get_named_gpiod_flags: parsed 'BT,wake_host_irq' property of node '/wireless-bluetooth[0]' - status (0)
[    3.434870] [BT_RFKILL]: bluetooth_platdata_parse_dt: get property: BT,wake_host_irq = 7.
[    3.434887] [BT_RFKILL]: bluetooth_platdata_parse_dt: clk_get failed!!!.
[    3.434988] [BT_RFKILL]: Request irq for bt wakeup host
[    3.435061] [BT_RFKILL]: ** disable irq
[    3.435282] [BT_RFKILL]: bt_default device registered.
[    3.435757] sensor_register_slave:mpu6500_gyro,id=50
[    3.435805] sensor_register_slave:mpu6880_gyro,id=51
[    3.436832] gc5025 2-0037: GPIO lookup for consumer reset
[    3.436859] gc5025 2-0037: using device tree for GPIO lookup
[    3.436878] of_get_named_gpiod_flags: can't parse 'reset-gpios' property of node '/i2c@ff1a0000/gc5025@37[0]'
[    3.436893] of_get_named_gpiod_flags: can't parse 'reset-gpio' property of node '/i2c@ff1a0000/gc5025@37[0]'
[    3.436907] gc5025 2-0037: using lookup tables for GPIO lookup
[    3.436928] gc5025 2-0037: lookup for GPIO reset failed
[    3.436962] gc5025 2-0037: Failed to get reset-gpios
[    3.436977] gc5025 2-0037: GPIO lookup for consumer pwdn
[    3.436990] gc5025 2-0037: using device tree for GPIO lookup
[    3.437058] of_get_named_gpiod_flags: parsed 'pwdn-gpios' property of node '/i2c@ff1a0000/gc5025@37[0]' - status (0)
[    3.437435] gc5025 2-0037: could not get default pinstate
[    3.437456] gc5025 2-0037: could not get sleep pinstate
[    3.444493] gc5025 2-0037: Found GC5025 id Unexpected sensor id(005025),
[    3.445427] gc5025 2-0037: gc5025_check_sensor_id GC5025 sensor double reset on
[    3.446468] rkisp1: Async subdev notifier completed
[    3.449522] Error: Driver 'gc0312' is already registered, aborting...
[    3.449669] Error: Driver 'gc2035' is already registered, aborting...
[    3.449689] Error: Driver 'gc2145' is already registered, aborting...
[    3.451533] Registered cp15_barrier emulation handler
[    3.451632] Registered setend emulation handler
[    3.453275] registered taskstats version 1
[    3.454970] Key type encrypted registered
[    3.456315] rockchip ion idev is NULL
[    3.456351] rga2 ff480000.rk_rga: rga ion client create success!
[    3.456686] rga: Driver loaded successfully ver:4.00
[    3.456956] rga2: Module initialized.
[    3.457577] [drm] Rockchip DRM driver version: v1.0.1
[    3.458014] rockchip-drm display-subsystem: devfreq is not set
[    3.458769] rockchip-drm display-subsystem: bound ff460000.vop (ops vop_component_ops)
[    3.459101] rockchip-drm display-subsystem: bound ff470000.vop (ops vop_component_ops)
[    3.459230] rockchip-drm display-subsystem: bound ff450000.dsi (ops dw_mipi_dsi_ops)
[    3.459246] [drm] Supports vblank timestamp caching Rev 2 (21.10.2013).
[    3.459255] [drm] No driver support for vblank timestamp query.
[    3.483523] rockchip-drm display-subsystem: fb0:  frame buffer device
[    3.494835] mali ff400000.gpu: Failed to get leakage
[    3.495581] mali ff400000.gpu: pvtm-volt-sel=2
[    3.496124] mali ff400000.gpu: avs=0
[    3.496190] W : [File] : drivers/gpu/arm/bifrost/platform/rk/mali_kbase_config_rk.c; [Line] : 113; [Func] : kbase_platform_rk_init(); power-off-delay-ms not available.
[    3.496836] mali ff400000.gpu: GPU identified as 0x3 arch 7.0.9 r0p0 status 0
[    3.497906] mali ff400000.gpu: l=0 h=2147483647 hyst=5000 l_limit=0 h_limit=0
[    3.498134] mali ff400000.gpu: Using configured power model mali-simple-power-model, and fallback mali-simple-power-model
[    3.499261] mali ff400000.gpu: Probed as mali0
[    3.500115] input: adc-keys as /devices/platform/adc-keys/input/input2
[    3.501742] rockchip-dmc dmc: current ATF version 0x105!
[    3.501765] rockchip-dmc dmc: read tf version 0x105!
[    3.503705] rockchip-dmc dmc: Failed to get leakage
[    3.504342] rockchip-dmc dmc: pvtm-volt-sel=2
[    3.504694] rockchip-dmc dmc: avs=0
[    3.504730] rockchip-dmc dmc: failed to get vop bandwidth to dmc rate
[    3.504741] rockchip-dmc dmc: failed to get vop pn to msch rl
[    3.519964] devfreq dmc: Couldn't update frequency transition information.
[    3.520743] of_get_named_gpiod_flags: can't parse 'simple-audio-card,hp-det-gpio' property of node '/rk809-sound[0]'
[    3.520759] of_get_named_gpiod_flags: can't parse 'simple-audio-card,mic-det-gpio' property of node '/rk809-sound[0]'
[    3.520936] rk817_probe
[    3.524610] rk817_set_dai_sysclk : MCLK = 11289600Hz
[    3.524627] rk817_set_dai_fmt : i2s slave mode
[    3.526475] asoc-simple-card rk809-sound: rk817-hifi <-> ff070000.i2s mapping ok
[    3.526912] asoc-simple-card rk809-sound: dummy_codec <-> ff0a0000.pdm mapping ok
[    3.526941] asoc-simple-card rk809-sound: ASoC: no source widget found for MICBIAS1
[    3.526952] asoc-simple-card rk809-sound: ASoC: Failed to add route MICBIAS1 -> direct -> Mic Jack
[    3.526963] asoc-simple-card rk809-sound: ASoC: no sink widget found for IN1P
[    3.526973] asoc-simple-card rk809-sound: ASoC: Failed to add route Mic Jack -> direct -> IN1P
[    3.526983] asoc-simple-card rk809-sound: ASoC: no source widget found for HPOL
[    3.526993] asoc-simple-card rk809-sound: ASoC: Failed to add route HPOL -> direct -> Headphone Jack
[    3.527004] asoc-simple-card rk809-sound: ASoC: no source widget found for HPOR
[    3.527014] asoc-simple-card rk809-sound: ASoC: Failed to add route HPOR -> direct -> Headphone Jack
[    3.531397] rk808-rtc rk808-rtc: setting system clock to 2017-08-05 09:00:05 UTC (1501923605)
[    3.532683] It doesn't contain Rogue gpu
[    3.561617] of_get_named_gpiod_flags: parsed 'headset_gpio' property of node '/rk_headset[0]' - status (0)
[    3.561664] of_get_named_gpiod_flags: can't parse 'hook_gpio' property of node '/rk_headset[0]'
[    3.561688] rockchip_headset_probe() headset have hook adc mode
[    3.561956] input: rk_headset as /devices/platform/rk_headset/input/input3
[    3.565221] I : [File] : drivers/gpu/arm/mali400/mali/linux/mali_kernel_linux.c; [Line] : 417; [Func] : mali_module_init(); svn_rev_string_from_arm of this mali_ko is '', rk_ko_ver is '5', built at '10:00:23', on 'Jul 31 2019'.
[    3.565692] Mali: Mali device driver loaded
[    3.567589] ALSA device list:
[    3.567605] #0: rockchip,rk809-codec
[    3.567707] Warning: unable to open an initial console.
[    3.567743] Waiting 1 sec before mounting root device...
[    3.715710] headset_interrupt:get pin level again,pin=100,i=0
[    3.817992] dwmmc_rockchip ff390000.dwmmc: Successfully tuned phase to 183
[    3.818129] mmc2: new HS200 MMC card at address 0001
[    3.819737] mmcblk2: mmc2:0001 D9D08G 7.22 GiB 
[    3.820661] mmcblk2boot0: mmc2:0001 D9D08G partition 1 4.00 MiB
[    3.821679] mmcblk2boot1: mmc2:0001 D9D08G partition 2 4.00 MiB
[    3.822818] mmcblk2rpmb: mmc2:0001 D9D08G partition 3 4.00 MiB
[    3.832652] mmcblk2: p1 p2 p3 p4 p5 p6 p7 p8 p9 p10 p11 p12 p13 p14 p15 p16 p17
[    3.975556] vendor storage:20160801 ret = 0
[    4.571777] EXT4-fs (mmcblk2p12): couldn't mount as ext3 due to feature incompatibilities
[    4.572863] EXT4-fs (mmcblk2p12): couldn't mount as ext2 due to feature incompatibilities
[    4.579502] EXT4-fs (mmcblk2p12): mounted filesystem without journal. Opts: (null)
[    4.579635] VFS: Mounted root (ext4 filesystem) readonly on device 179:12.
[    4.584214] Freeing unused kernel memory: 5952K
[    4.632842] init: init first stage started!
[    4.634775] init: Using Android DT directory /proc/device-tree/firmware/android/
[    4.745281] EXT4-fs (mmcblk2p14): mounted filesystem without journal. Opts: barrier=1,inode_readahead_blks=8
[    4.745564] init: [libfs_mgr]__mount(source=/dev/block/by-name/vendor,target=/vendor,type=ext4)=0: Success
[    4.745967] init: Skipped setting INIT_AVB_VERSION (not in recovery mode)
[    4.746301] init: Loading SELinux policy
[    4.762027] SELinux: 8192 avtab hash slots, 18181 rules.
[    4.776904] SELinux: 8192 avtab hash slots, 18181 rules.
[    4.776933] SELinux:  1 users, 4 roles, 1354 types, 0 bools, 1 sens, 1024 cats
[    4.776946] SELinux:  93 classes, 18181 rules
[    4.780136] SELinux:  Completing initialization.
[    4.780156] SELinux:  Setting up existing superblocks.
[    4.899334] audit: type=1403 audit(1501923606.866:2): policy loaded auid=4294967295 ses=4294967295
[    4.899576] selinux: SELinux: Loaded policy from /vendor/etc/selinux/precompiled_sepolicy\x0a
[    4.906735] selinux: SELinux: Loaded file_contexts\x0a
[    4.909042] random: init: uninitialized urandom read (40 bytes read, 80 bits of entropy available)
[    4.912819] init: init second stage started!
[    4.946522] init: Using Android DT directory /proc/device-tree/firmware/android/
[    4.953413] selinux: SELinux: Loaded file_contexts\x0a
[    4.953480] init: Running restorecon...
[    4.963474] init: waitid failed: No child processes
[    4.970049] init: Couldn't load property file '/odm/default.prop': open() failed: No such file or directory: No such file or directory
[    4.972350] selinux: avc:  denied  { set } for  scontext=u:r:vendor_init:s0 tcontext=u:object_r:exported_secure_prop:s0 tclass=property_service permissive=1\x0a
[    4.973226] init: Created socket '/dev/socket/property_service', mode 666, user 0, group 0
[    4.974430] init: Forked subcontext for 'u:r:vendor_init:s0' with pid 175
[    4.975411] init: Forked subcontext for 'u:r:vendor_init:s0' with pid 176
[    4.975892] init: Parsing file /init.rc...
[    4.976834] random: init: uninitialized urandom read (40 bytes read, 82 bits of entropy available)
[    4.977114] random: init: uninitialized urandom read (40 bytes read, 82 bits of entropy available)
[    4.977637] init: Added '/init.environ.rc' to import list
[    4.977706] init: Added '/init.usb.rc' to import list
[    4.977769] init: Added '/init.rk30board.rc' to import list
[    4.977813] init: Added '/vendor/etc/init/hw/init.rk30board.rc' to import list
[    4.977843] init: Added '/init.usb.configfs.rc' to import list
[    4.977893] init: Added '/init.zygote64_32.rc' to import list
[    4.981244] init: Parsing file /init.environ.rc...
[    4.982107] init: Parsing file /init.usb.rc...
[    4.983527] init: Parsing file /init.rk30board.rc...
[    4.983612] init: Unable to read config file '/init.rk30board.rc': open() failed: No such file or directory
[    4.983651] init: /init.rc: 9: Could not import file '/init.rk30board.rc': No such file or directory
[    4.985822] init: Parsing file /vendor/etc/init/hw/init.rk30board.rc...
[    4.986735] init: Added '/vendor/etc/init/hw/init.rockchip.rc' to import list
[    4.986788] init: Added '/vendor/etc/init/hw/init.connectivity.rc' to import list
[    4.986817] init: Added '/vendor/etc/init/hw/init.box.samba.rc' to import list
[    4.986867] init: Added '/vendor/etc/init/hw/init.rk3326.rc' to import list
[    4.986903] init: Added '/vendor/etc/init/hw/init.tablet.rc' to import list
[    4.986941] init: Added '/vendor/etc/init/hw/init.car.rc' to import list
[    4.986969] init: Added '/vendor/etc/init/hw/init.optee.rc' to import list
[    4.986996] init: Added '/vendor/etc/init/hw/init.root.rc' to import list
[    4.988205] init: /vendor/etc/init/hw/init.rk30board.rc: 344: ParseTriggers() failed: unexported property tigger found: persist.sys.adb_enable
[    4.988266] init: /vendor/etc/init/hw/init.rk30board.rc: 347: ParseTriggers() failed: unexported property tigger found: persist.sys.adb_enable
[    4.988912] init: Parsing file /vendor/etc/init/hw/init.rockchip.rc...
[    4.989665] init: Added '/vendor/etc/init/hw/init.rk30board.usb.rc' to import list
[    4.989719] init: Added '/vendor/etc/init/hw/init.rk30board.environment.rc' to import list
[    4.989749] init: Added '/vendor/etc/init/hw/init.debug.rc' to import list
[    4.990893] init: Parsing file /vendor/etc/init/hw/init.rk30board.usb.rc...
[    4.991649] init: /vendor/etc/init/hw/init.rk30board.usb.rc: 35: ParseTriggers() failed: unexported property tigger found: init.svc.adbd
[    4.992501] init: Parsing file /vendor/etc/init/hw/init.rk30board.environment.rc...
[    4.993026] init: Parsing file /vendor/etc/init/hw/init.debug.rc...
[    4.993094] init: Unable to read config file '/vendor/etc/init/hw/init.debug.rc': open() failed: No such file or directory
[    4.993132] init: /init.rc: 3: Could not import file '/vendor/etc/init/hw/init.debug.rc': No such file or directory
[    4.993616] init: Parsing file /vendor/etc/init/hw/init.connectivity.rc...
[    4.995405] init: Parsing file /vendor/etc/init/hw/init.box.samba.rc...
[    4.995491] init: Unable to read config file '/vendor/etc/init/hw/init.box.samba.rc': open() failed: No such file or directory
[    4.995614] init: /init.rc: 3: Could not import file '/vendor/etc/init/hw/init.box.samba.rc': No such file or directory
[    4.996109] init: Parsing file /vendor/etc/init/hw/init.rk3326.rc...
[    4.996743] init: Parsing file /vendor/etc/init/hw/init.tablet.rc...
[    4.996810] init: Unable to read config file '/vendor/etc/init/hw/init.tablet.rc': open() failed: No such file or directory
[    4.996848] init: /init.rc: 5: Could not import file '/vendor/etc/init/hw/init.tablet.rc': No such file or directory
[    4.996888] init: Parsing file /vendor/etc/init/hw/init.car.rc...
[    4.996932] init: Unable to read config file '/vendor/etc/init/hw/init.car.rc': open() failed: No such file or directory
[    4.996961] init: /init.rc: 6: Could not import file '/vendor/etc/init/hw/init.car.rc': No such file or directory
[    4.997376] init: Parsing file /vendor/etc/init/hw/init.optee.rc...
[    4.997906] init: Parsing file /vendor/etc/init/hw/init.root.rc...
[    4.997970] init: Unable to read config file '/vendor/etc/init/hw/init.root.rc': open() failed: No such file or directory
[    4.998007] init: /init.rc: 8: Could not import file '/vendor/etc/init/hw/init.root.rc': No such file or directory
[    4.998150] init: Parsing file /init.usb.configfs.rc...
[    5.000161] init: Parsing file /init.zygote64_32.rc...
[    5.001110] init: Parsing directory /system/etc/init...
[    5.001858] init: Parsing file /system/etc/init/android.hidl.allocator@1.0-service.rc...
[    5.002476] init: Parsing file /system/etc/init/atrace.rc...
[    5.005445] init: Parsing file /system/etc/init/atrace_userdebug.rc...
[    5.006242] init: Parsing file /system/etc/init/audioserver.rc...
[    5.006985] init: Parsing file /system/etc/init/blank_screen.rc...
[    5.007616] init: Parsing file /system/etc/init/bootanim.rc...
[    5.008245] init: Parsing file /system/etc/init/bootstat-debug.rc...
[    5.008925] init: Parsing file /system/etc/init/bootstat.rc...
[    5.009917] init: Parsing file /system/etc/init/cameraserver.rc...
[    5.010615] init: Parsing file /system/etc/init/drmserver.rc...
[    5.011222] init: Parsing file /system/etc/init/dumpstate.rc...
[    5.011879] init: Parsing file /system/etc/init/gatekeeperd.rc...
[    5.012524] init: Parsing file /system/etc/init/healthd.rc...
[    5.013256] init: Parsing file /system/etc/init/hwservicemanager.rc...
[    5.013980] init: Parsing file /system/etc/init/incidentd.rc...
[    5.014823] init: Parsing file /system/etc/init/init-debug.rc...
[    5.015625] init: Parsing file /system/etc/init/installd.rc...
[    5.017053] init: Parsing file /system/etc/init/keystore.rc...
[    5.017862] init: Parsing file /system/etc/init/lmkd.rc...
[    5.018604] init: Parsing file /system/etc/init/logcatd.rc...
[    5.019666] init: Parsing file /system/etc/init/logd.rc...
[    5.020602] init: Parsing file /system/etc/init/logtagd.rc...
[    5.021349] init: Parsing file /system/etc/init/mdnsd.rc...
[    5.021945] init: Parsing file /system/etc/init/mediadrmserver.rc...
[    5.022575] init: Parsing file /system/etc/init/mediaextractor.rc...
[    5.028402] init: Parsing file /system/etc/init/mediametrics.rc...
[    5.029125] init: Parsing file /system/etc/init/mediaserver.rc...
[    5.029835] init: Parsing file /system/etc/init/mtpd.rc...
[    5.030423] init: Parsing file /system/etc/init/netd.rc...
[    5.031031] init: Parsing file /system/etc/init/perfetto.rc...
[    5.031891] init: Parsing file /system/etc/init/perfprofd.rc...
[    5.032517] init: Parsing file /system/etc/init/racoon.rc...
[    5.033130] init: Parsing file /system/etc/init/servicemanager.rc...
[    5.033829] init: Parsing file /system/etc/init/statsd.rc...
[    5.034530] init: Parsing file /system/etc/init/storaged.rc...
[    5.035186] init: Parsing file /system/etc/init/surfaceflinger.rc...
[    5.035934] init: Parsing file /system/etc/init/thermalservice.rc...
[    5.036539] init: Parsing file /system/etc/init/tombstoned.rc...
[    5.037248] init: Parsing file /system/etc/init/uncrypt.rc...
[    5.037952] init: Parsing file /system/etc/init/usbd.rc...
[    5.038533] init: Parsing file /system/etc/init/vdc.rc...
[    5.039138] init: Parsing file /system/etc/init/vold.rc...
[    5.039734] init: Parsing file /system/etc/init/wait_for_keymaster.rc...
[    5.040294] init: Parsing file /system/etc/init/wifi-events.rc...
[    5.041102] init: Parsing file /system/etc/init/wificond.rc...
[    5.041839] init: Parsing file /product/etc/init...
[    5.041907] init: Unable to read config file '/product/etc/init': open() failed: No such file or directory
[    5.041967] init: Parsing file /odm/etc/init...
[    5.042010] init: Unable to read config file '/odm/etc/init': open() failed: No such file or directory
[    5.042049] init: Parsing directory /vendor/etc/init...
[    5.042362] init: Parsing file /vendor/etc/init/android.hardware.audio@2.0-service.rc...
[    5.044151] init: Parsing file /vendor/etc/init/android.hardware.bluetooth@1.0-service.rc...
[    5.045252] init: Parsing file /vendor/etc/init/android.hardware.camera.provider@2.4-service.rc...
[    5.046200] init: Parsing file /vendor/etc/init/android.hardware.cas@1.0-service.rc...
[    5.047057] init: Parsing file /vendor/etc/init/android.hardware.configstore@1.1-service.rc...
[    5.047870] init: Parsing file /vendor/etc/init/android.hardware.drm@1.0-service.rc...
[    5.048721] init: Parsing file /vendor/etc/init/android.hardware.drm@1.1-service.clearkey.rc...
[    5.049691] init: Parsing file /vendor/etc/init/android.hardware.drm@1.1-service.widevine.rc...
[    5.050697] init: Parsing file /vendor/etc/init/android.hardware.gatekeeper@1.0-service.rc...
[    5.051564] init: Parsing file /vendor/etc/init/android.hardware.graphics.allocator@2.0-service.rc...
[    5.052435] init: Parsing file /vendor/etc/init/android.hardware.graphics.composer@2.1-service.rc...
[    5.053403] init: Parsing file /vendor/etc/init/android.hardware.health@2.0-service.rc...
[    5.054264] init: Parsing file /vendor/etc/init/android.hardware.keymaster@3.0-service.rc...
[    5.055089] init: Parsing file /vendor/etc/init/android.hardware.light@2.0-service.rc...
[    5.056460] init: Parsing file /vendor/etc/init/android.hardware.media.omx@1.0-service.rc...
[    5.057411] init: Parsing file /vendor/etc/init/android.hardware.memtrack@1.0-service.rc...
[    5.058244] init: Parsing file /vendor/etc/init/android.hardware.power@1.0-service.rc...
[    5.059083] init: Parsing file /vendor/etc/init/android.hardware.sensors@1.0-service.rc...
[    5.059979] init: Parsing file /vendor/etc/init/android.hardware.wifi@1.0-service.rc...
[    5.060826] init: Parsing file /vendor/etc/init/hostapd.android.rc...
[    5.062317] init: Parsing file /vendor/etc/init/init.rockchip.drmservice.rc...
[    5.063242] init: Parsing file /vendor/etc/init/vndservicemanager.rc...
[    5.064316] init: processing action (early-init) from (/init.rc:14)
[    5.070860] init: starting service 'ueventd'...
[    5.073314] init: processing action (early-init) from (/vendor/etc/init/hw/init.rk30board.rc:38)
[    5.074957] random: ueventd: uninitialized urandom read (40 bytes read, 87 bits of entropy available)
[    5.079260] ueventd: ueventd started!
[    5.083807] selinux: SELinux: Loaded file_contexts\x0a
[    5.084047] ueventd: Parsing file /ueventd.rc...
[    5.086508] ueventd: Parsing file /vendor/ueventd.rc...
[    5.087722] ueventd: /vendor/ueventd.rc: 56: invalid gid 'net_bt_stack'
[    5.087822] ueventd: /vendor/ueventd.rc: 57: invalid gid 'net_bt_stack'
[    5.087882] ueventd: /vendor/ueventd.rc: 58: invalid gid 'net_bt_stack'
[    5.087943] ueventd: /vendor/ueventd.rc: 60: invalid gid 'net_bt_stack'
[    5.088237] ueventd: /vendor/ueventd.rc: 114: invalid gid 'trace'
[    5.089298] ueventd: Parsing file /odm/ueventd.rc...
[    5.089392] ueventd: Unable to read config file '/odm/ueventd.rc': open() failed: No such file or directory
[    5.089590] ueventd: Parsing file /ueventd.rk30board.rc...
[    5.089654] ueventd: Unable to read config file '/ueventd.rk30board.rc': open() failed: No such file or directory
[    5.242705] init: Command 'write /sys/devices/system/cpu/cpufreq/policy0/scaling_governor performance' action=early-init (/vendor/etc/init/hw/init.rk30board.rc:39) took 169ms and succeeded
[    5.243843] init: processing action (early-init) from (/vendor/etc/init/hw/init.rockchip.rc:5)
[    5.255826] init: starting service 'vendor.insmod_sh'...
[    5.258053] init: processing action (wait_for_coldboot_done) from (<Builtin Action>:0)
[    5.284077] random: init.insmod.sh: uninitialized urandom read (40 bytes read, 90 bits of entropy available)
[    5.344906] random: init.insmod.sh: uninitialized urandom read (40 bytes read, 92 bits of entropy available)
[    5.356259] ueventd: Coldboot took 0.265 seconds
[    5.359878] init: wait for '/dev/.coldboot_done' took 101ms
[    5.360082] init: Command 'wait_for_coldboot_done' action=wait_for_coldboot_done (<Builtin Action>:0) took 101ms and succeeded
[    5.360183] init: processing action (MixHwrngIntoLinuxRng) from (<Builtin Action>:0)
[    5.360335] init: /dev/hw_random not found
[    5.360405] init: processing action (SetMmapRndBits) from (<Builtin Action>:0)
[    5.362153] init: processing action (SetKptrRestrict) from (<Builtin Action>:0)
[    5.362908] init: processing action (keychord_init) from (<Builtin Action>:0)
[    5.363086] keychord: using input dev rk8xx_pwrkey for fevent
[    5.363111] keychord: using input dev adc-keys for fevent
[    5.363226] init: processing action (console_init) from (<Builtin Action>:0)
[    5.363329] init: processing action (init) from (/init.rc:41)
[    5.364277] init: Command 'copy /default.prop /dev/urandom' action=init (/init.rc:46) took 0ms and failed: Could not read input file '/default.prop': open() failed: Too many symbolic links encountered
[    5.380787] random: insmod: uninitialized urandom read (40 bytes read, 94 bits of entropy available)
[    5.418814] Registered swp emulation handler
[    5.420607] init: processing action (init) from (/init.environ.rc:2)
[    5.420774] random: insmod: uninitialized urandom read (40 bytes read, 95 bits of entropy available)
[    5.420810] init: processing action (init) from (/vendor/etc/init/hw/init.rk30board.rc:42)
[    5.422838] init: processing action (init) from (/vendor/etc/init/hw/init.rockchip.rc:19)
[    5.425483] init: processing action (init) from (/vendor/etc/init/hw/init.rk30board.environment.rc:1)
[    5.425792] init: processing action (init) from (/vendor/etc/init/hw/init.rk3326.rc:25)
[    5.432013] init: processing action (StartBoringSslSelfTest) from (<Builtin Action>:0)
[    5.433125] init: processing action (MixHwrngIntoLinuxRng) from (<Builtin Action>:0)
[    5.433337] init: /dev/hw_random not found
[    5.433549] init: processing action (late-init) from (/init.rc:278)
[    5.433708] init: processing action (late-init) from (/system/etc/init/atrace.rc:3)
[    5.441090] init: processing action (queue_property_triggers) from (<Builtin Action>:0)
[    5.441278] init: processing action (fs) from (/vendor/etc/init/hw/init.rockchip.rc:36)
[    5.446372] init: [libfs_mgr]superblock s_max_mnt_count:65535,/dev/block/by-name/oem
[    5.448559] EXT4-fs (mmcblk2p15): Ignoring removed nomblk_io_submit option
[    5.455229] EXT4-fs (mmcblk2p15): mounted filesystem without journal. Opts: errors=remount-ro,nomblk_io_submit
[    5.457902] init: [libfs_mgr]check_fs(): mount(/dev/block/by-name/oem,/oem,ext4)=0: Success
[    5.480317] init: [libfs_mgr]check_fs(): unmount(/oem) succeeded
[    5.483222] init: [libfs_mgr]Running /system/bin/e2fsck on /dev/block/by-name/oem
[    5.490202] random: e2fsck: uninitialized urandom read (40 bytes read, 98 bits of entropy available)
[    5.572440] random: e2fsck: uninitialized urandom read (40 bytes read, 103 bits of entropy available)
[    5.583506] e2fsck: e2fsck 1.43.3 (04-Sep-2016)\x0a
[    5.583567] e2fsck: oem: clean, 15/32768 files, 1050/32768 blocks\x0a
[    5.592035] EXT4-fs (mmcblk2p15): mounted filesystem without journal. Opts: noauto_da_alloc
[    5.594469] init: [libfs_mgr]__mount(source=/dev/block/by-name/oem,target=/oem,type=ext4)=0: Success
[    5.596976] init: [libfs_mgr]superblock s_max_mnt_count:65535,/dev/block/by-name/metadata
[    5.597128] init: [libfs_mgr]Filesystem on /dev/block/by-name/metadata was not cleanly shutdown; state flags: 0x1, incompat feature flags: 0x246
[    5.597653] init: [libfs_mgr]check_fs(): mount(/dev/block/by-name/metadata,/mnt/vendor/metadata,ext4)=-1: No such file or directory
[    5.597701] init: [libfs_mgr]Running /system/bin/e2fsck on /dev/block/by-name/metadata
[    5.619073] bifrost_kbase: disagrees about version of symbol module_layout
[    5.648980] e2fsck: e2fsck 1.43.3 (04-Sep-2016)\x0a
[    5.649068] e2fsck: /dev/block/by-name/metadata: recovering journal\x0a
[    5.649086] e2fsck: Pass 1: Checking inodes, blocks, and sizes\x0a
[    5.649102] e2fsck: Pass 2: Checking directory structure\x0a
[    5.649117] e2fsck: Pass 3: Checking directory connectivity\x0a
[    5.649133] e2fsck: Pass 4: Checking reference counts\x0a
[    5.649148] e2fsck: Pass 5: Checking group summary information\x0a
[    5.649165] e2fsck: /dev/block/by-name/metadata: 11/4096 files (9.1% non-contiguous), 1164/4096 blocks\x0a
[    5.652885] EXT4-fs (mmcblk2p13): mounted filesystem with ordered data mode. Opts: noauto_da_alloc,discard
[    5.653930] init: [libfs_mgr]__mount(source=/dev/block/by-name/metadata,target=/mnt/vendor/metadata,type=ext4)=0: Success
[    5.654902] init: [libfs_mgr]superblock s_max_mnt_count:65535,/dev/block/by-name/cache
[    5.655055] init: [libfs_mgr]Filesystem on /dev/block/by-name/cache was not cleanly shutdown; state flags: 0x1, incompat feature flags: 0x246
[    5.656293] EXT4-fs (mmcblk2p11): Ignoring removed nomblk_io_submit option
[    5.660551] EXT4-fs (mmcblk2p11): recovery complete
[    5.660729] EXT4-fs (mmcblk2p11): mounted filesystem with ordered data mode. Opts: errors=remount-ro,nomblk_io_submit
[    5.661582] init: [libfs_mgr]check_fs(): mount(/dev/block/by-name/cache,/cache,ext4)=0: Success
[    5.673514] init: [libfs_mgr]check_fs(): unmount(/cache) succeeded
[    5.673604] init: [libfs_mgr]Running /system/bin/e2fsck on /dev/block/by-name/cache
[    5.751270] e2fsck: e2fsck 1.43.3 (04-Sep-2016)\x0a
[    5.751345] e2fsck: Pass 1: Checking inodes, blocks, and sizes\x0a
[    5.751361] e2fsck: Pass 2: Checking directory structure\x0a
[    5.751377] e2fsck: Pass 3: Checking directory connectivity\x0a
[    5.751392] e2fsck: Pass 4: Checking reference counts\x0a
[    5.751408] e2fsck: Pass 5: Checking group summary information\x0a
[    5.751424] e2fsck: /dev/block/by-name/cache: 20/98304 files (0.0% non-contiguous), 7259/98304 blocks\x0a
[    5.754401] EXT4-fs (mmcblk2p11): mounted filesystem with ordered data mode. Opts: noauto_da_alloc,discard
[    5.755288] init: [libfs_mgr]__mount(source=/dev/block/by-name/cache,target=/cache,type=ext4)=0: Success
[    5.755551] init: [libfs_mgr]Running /system/bin/fsck.f2fs -a /dev/block/by-name/userdata
[    5.779681] fsck.f2fs: Info: Fix the reported corruption.\x0a
[    5.779770] fsck.f2fs: \x09Info: No support kernel version!\x0a
[    5.779788] fsck.f2fs: Info: Segments per section = 1\x0a
[    5.779804] fsck.f2fs: Info: Sections per zone = 1\x0a
[    5.779819] fsck.f2fs: Info: sector size = 512\x0a
[    5.779834] fsck.f2fs: Info: total sectors = 7394271 (3610 MB)\x0a
[    5.779850] fsck.f2fs: \x09Can't find a valid F2FS superblock at 0x0\x0a
[    5.779865] fsck.f2fs: \x09Can't find a valid F2FS superblock at 0x1\x0a
[    5.779884] fsck.f2fs: fsck.f2fs terminated by exit(255)\x0a
[    5.781380] F2FS-fs (mmcblk2p17): Invalid SB checksum offset: 2606950590
[    5.781402] F2FS-fs (mmcblk2p17): Can't find valid F2FS filesystem in 1th superblock
[    5.781782] F2FS-fs (mmcblk2p17): Magic Mismatch, valid(0xf2f52010) - read(0x2b7a680d)
[    5.781794] F2FS-fs (mmcblk2p17): Can't find valid F2FS filesystem in 2th superblock
[    5.781830] F2FS-fs (mmcblk2p17): Invalid SB checksum offset: 2606950590
[    5.781838] F2FS-fs (mmcblk2p17): Can't find valid F2FS filesystem in 1th superblock
[    5.781847] F2FS-fs (mmcblk2p17): Magic Mismatch, valid(0xf2f52010) - read(0x2b7a680d)
[    5.781855] F2FS-fs (mmcblk2p17): Can't find valid F2FS filesystem in 2th superblock
[    5.782056] init: [libfs_mgr]__mount(source=/dev/block/by-name/userdata,target=/data,type=f2fs)=-1: Invalid argument
[    5.782098] init: [libfs_mgr]Running /system/bin/fsck.f2fs -a /dev/block/by-name/userdata
[    5.805285] fsck.f2fs: Info: Fix the reported corruption.\x0a
[    5.805361] fsck.f2fs: \x09Info: No support kernel version!\x0a
[    5.805378] fsck.f2fs: Info: Segments per section = 1\x0a
[    5.805393] fsck.f2fs: Info: Sections per zone = 1\x0a
[    5.805409] fsck.f2fs: Info: sector size = 512\x0a
[    5.805424] fsck.f2fs: Info: total sectors = 7394271 (3610 MB)\x0a
[    5.805439] fsck.f2fs: \x09Can't find a valid F2FS superblock at 0x0\x0a
[    5.805454] fsck.f2fs: \x09Can't find a valid F2FS superblock at 0x1\x0a
[    5.805474] fsck.f2fs: fsck.f2fs terminated by exit(255)\x0a
[    5.806825] F2FS-fs (mmcblk2p17): Invalid SB checksum offset: 2606950590
[    5.806846] F2FS-fs (mmcblk2p17): Can't find valid F2FS filesystem in 1th superblock
[    5.807211] F2FS-fs (mmcblk2p17): Magic Mismatch, valid(0xf2f52010) - read(0x2b7a680d)
[    5.807224] F2FS-fs (mmcblk2p17): Can't find valid F2FS filesystem in 2th superblock
[    5.807258] F2FS-fs (mmcblk2p17): Invalid SB checksum offset: 2606950590
[    5.807267] F2FS-fs (mmcblk2p17): Can't find valid F2FS filesystem in 1th superblock
[    5.807276] F2FS-fs (mmcblk2p17): Magic Mismatch, valid(0xf2f52010) - read(0x2b7a680d)
[    5.807284] F2FS-fs (mmcblk2p17): Can't find valid F2FS filesystem in 2th superblock
[    5.807480] init: [libfs_mgr]__mount(source=/dev/block/by-name/userdata,target=/data,type=f2fs)=-1: Invalid argument
[    5.808260] init: [libfs_mgr]fs_mgr_mount_all(): possibly an encryptable blkdev /dev/block/by-name/userdata for mount /data type f2fs
[    5.810049] init: Parsing file /product/etc/init...
[    5.810132] init: Unable to read config file '/product/etc/init': open() failed: No such file or directory
[    5.810177] init: Parsing file /odm/etc/init...
[    5.810221] init: Unable to read config file '/odm/etc/init': open() failed: No such file or directory
[    5.810662] init: Command 'mount_all /vendor/etc/fstab.${ro.hardware}' action=fs (/vendor/etc/init/hw/init.rockchip.rc:37) took 369ms and succeeded
[    5.810845] init: Untracked pid 184 exited with status 0
[    5.810919] init: processing action (fs) from (/system/etc/init/logd.rc:18)
[    5.812158] init: processing action (fs) from (/system/etc/init/wifi-events.rc:17)
[    5.812733] init: processing action (post-fs) from (/init.rc:311)
[    5.817621] init: Couldn't load property file '/odm/build.prop': open() failed: No such file or directory: No such file or directory
[    5.819670] init: Unable to set property 'ro.board.platform' to 'rk3326' in property file '/vendor/build.prop': Read-only property was already set
[    5.820163] selinux: avc:  denied  { set } for property=ro.product.version pid=1 uid=0 gid=0 scontext=u:r:vendor_init:s0 tcontext=u:object_r:default_prop:s0 tclass=property_service permissive=1\x0a
[    5.820414] selinux: avc:  denied  { set } for property=ro.ril.ecclist pid=1 uid=0 gid=0 scontext=u:r:vendor_init:s0 tcontext=u:object_r:radio_prop:s0 tclass=property_service permissive=1\x0a
[    5.822793] init: Unable to set property 'ro.target.product' to 'tablet' in property file '/vendor/build.prop': Read-only property was already set
[    5.823374] init: Couldn't load property file '/factory/factory.prop': open() failed: No such file or directory: No such file or directory
[    5.824398] init: /recovery not specified in fstab
[    5.824557] init: Service 'vendor.insmod_sh' (pid 182) exited with status 0
[    5.825302] init: starting service 'logd'...
[    5.827470] init: starting service 'servicemanager'...
[    5.829682] init: starting service 'hwservicemanager'...
[    5.832618] init: starting service 'vndservicemanager'...
[    5.833326] init: Created socket '/dev/socket/logd', mode 666, user 1036, group 1036
[    5.834726] init: Created socket '/dev/socket/logdr', mode 666, user 1036, group 1036
[    5.836214] init: Created socket '/dev/socket/logdw', mode 222, user 1036, group 1036
[    5.836593] init: Opened file '/proc/kmsg', flags 0
[    5.836721] init: Opened file '/dev/kmsg', flags 1
[    5.862967] selinux: SELinux: Skipping restorecon_recursive(/cache)\x0a
[    5.881215] selinux: SELinux:  Could not stat /metadata: No such file or directory.\x0a
[    5.882632] init: processing action (post-fs) from (/vendor/etc/init/hw/init.rk30board.rc:10)
[    5.883239] logd.auditd: start
[    5.883296] logd.klogd: 5881115855
[    5.884460] init: processing action (post-fs) from (/vendor/etc/init/hw/init.rockchip.rc:39)
[    5.885588] init: processing action (post-fs) from (/vendor/etc/init/hw/init.optee.rc:2)
[    5.886635] init: starting service 'tee-supplicant'...
[    5.888421] init: processing action (post-fs) from (/system/etc/init/atrace_userdebug.rc:7)
[    5.889717] init: processing action (late-fs) from (/init.rc:376)
[    5.892779] init: starting service 'vendor.keymaster-3-0'...
[    5.894608] init: processing action (post-fs-data) from (/init.rc:384)
[    5.896582] init: starting service 'vold'...
[    5.978458] binder: 203:203 ioctl 4018620d 7fc3f6d470 returned -22
[    5.980899] init: starting service 'exec 1 (/system/bin/vdc --wait cryptfs init_user0)'...
[    5.982429] init: SVC_EXEC pid 215 (uid 0 gid 0+0 context default) started; waiting...
[    6.106651] vdc: Waited 60ms for vold
[    6.135726] random: nonblocking pool is initialized
[    6.163586] init: Service 'exec 1 (/system/bin/vdc --wait cryptfs init_user0)' (pid 215) exited with status 0 waiting took 0.181000 seconds
[    6.191729] init: starting service 'exec 2 (/system/bin/tzdatacheck /system/usr/share/zoneinfo /data/misc/zoneinfo)'...
[    6.193302] init: SVC_EXEC pid 222 (uid 1000 gid 1000+0 context default) started; waiting...
[    6.215780] init: Service 'exec 2 (/system/bin/tzdatacheck /system/usr/share/zoneinfo /data/misc/zoneinfo)' (pid 222) exited with status 0 waiting took 0.023000 seconds
[    6.216022] init: processing action (post-fs-data) from (/init.usb.rc:6)
[    6.218027] init: processing action (post-fs-data) from (/vendor/etc/init/hw/init.rk30board.rc:19)
[    6.225894] type=1400 audit(1501923608.190:3): avc: denied { write } for pid=175 comm="init" name="local" dev="tmpfs" ino=11422 scontext=u:r:vendor_init:s0 tcontext=u:object_r:system_data_file:s0 tclass=dir permissive=1
[    6.226704] type=1400 audit(1501923608.190:3): avc: denied { write } for pid=175 comm="init" name="local" dev="tmpfs" ino=11422 scontext=u:r:vendor_init:s0 tcontext=u:object_r:system_data_file:s0 tclass=dir permissive=1
[    6.226757] type=1400 audit(1501923608.190:4): avc: denied { add_name } for pid=175 comm="init" name="ipc" scontext=u:r:vendor_init:s0 tcontext=u:object_r:system_data_file:s0 tclass=dir permissive=1
[    6.226935] type=1400 audit(1501923608.190:4): avc: denied { add_name } for pid=175 comm="init" name="ipc" scontext=u:r:vendor_init:s0 tcontext=u:object_r:system_data_file:s0 tclass=dir permissive=1
[    6.226971] type=1400 audit(1501923608.190:5): avc: denied { create } for pid=175 comm="init" name="ipc" scontext=u:r:vendor_init:s0 tcontext=u:object_r:system_data_file:s0 tclass=dir permissive=1
[    6.227108] type=1400 audit(1501923608.190:5): avc: denied { create } for pid=175 comm="init" name="ipc" scontext=u:r:vendor_init:s0 tcontext=u:object_r:system_data_file:s0 tclass=dir permissive=1
[    6.227137] type=1400 audit(1501923608.193:6): avc: denied { setattr } for pid=175 comm="init" name="ipc" dev="tmpfs" ino=11537 scontext=u:r:vendor_init:s0 tcontext=u:object_r:system_data_file:s0 tclass=dir permissive=1
[    6.227763] init: processing action (post-fs-data) from (/vendor/etc/init/hw/init.rockchip.rc:43)
[    6.228416] init: processing action (post-fs-data) from (/system/etc/init/bootstat.rc:7)
[    6.230495] init: processing action (post-fs-data) from (/system/etc/init/incidentd.rc:21)
[    6.231347] init: processing action (post-fs-data) from (/system/etc/init/logtagd.rc:4)
[    6.233687] init: processing action (post-fs-data) from (/system/etc/init/statsd.rc:25)
[    6.235093] init: processing action (post-fs-data) from (/vendor/etc/init/hostapd.android.rc:9)
[    6.237931] init: processing action (zygote-start) from (/vendor/etc/init/hw/init.connectivity.rc:2)
[    6.238458] type=1400 audit(1501923608.193:6): avc: denied { setattr } for pid=175 comm="init" name="ipc" dev="tmpfs" ino=11537 scontext=u:r:vendor_init:s0 tcontext=u:object_r:system_data_file:s0 tclass=dir permissive=1
[    6.238527] type=1400 audit(1501923608.203:7): avc: denied { setattr } for pid=175 comm="init" name="bluetooth" dev="tmpfs" ino=11399 scontext=u:r:vendor_init:s0 tcontext=u:object_r:bluetooth_data_file:s0 tclass=dir permissive=1
[    6.250154] init: processing action (load_persist_props_action) from (/init.rc:268)
[    6.250695] init: starting service 'logd-reinit'...
[    6.252373] init: processing action (load_persist_props_action) from (/system/etc/init/logcatd.rc:31)
[    6.252942] init: processing action (firmware_mounts_complete) from (/init.rc:274)
[    6.253163] init: processing action (early-boot) from (/vendor/etc/init/hw/init.rockchip.rc:46)
[    6.253589] init: start_waiting_for_property("vendor.all.modules.ready", "1"): already set
[    6.253707] init: processing action (early-boot) from (/vendor/etc/init/hw/init.rk3326.rc:6)
[    6.256729] init: [libfs_mgr]Failed to query DM_TABLE_STATUS for vroot: No such device or address
[    6.256877] init: processing action (early-boot) from (/system/etc/init/installd.rc:5)
[    6.276807] logd.daemon: reinit
[    6.278542] init: Service 'logd-reinit' (pid 223) exited with status 0
[    6.293306] init: processing action (boot) from (/init.rc:581)
[    6.302650] init: starting service 'hidl_memory'...
[    6.304998] init: starting service 'healthd'...
[    6.309535] init: starting service 'vendor.audio-hal-2-0'...
[    6.313180] init: starting service 'vendor.bluetooth-1-0'...
[    6.317278] init: starting service 'vendor.camera-provider-2-4'...
[    6.318919] init: couldn't write 228 to /dev/cpuset/camera-daemon/tasks: No such file or directory
[    6.323486] init: starting service 'vendor.cas-hal-1-0'...
[    6.328046] init: starting service 'vendor.configstore-hal'...
[    6.331894] init: starting service 'vendor.drm-hal-1-0'...
[    6.335351] init: starting service 'vendor.drm-clearkey-hal-1-1'...
[    6.339541] init: starting service 'vendor.drm-widevine-hal-1-1'...
[    6.343531] init: starting service 'vendor.gatekeeper-1-0'...
[    6.347174] init: starting service 'vendor.gralloc-2-0'...
[    6.352279] init: starting service 'vendor.hwcomposer-2-1'...
[    6.358530] init: starting service 'health-hal-2-0'...
[    6.364457] init: starting service 'vendor.light-hal-2-0'...
[    6.368508] init: Opened file '/dev/kmsg', flags 1
[    6.371272] init: starting service 'vendor.memtrack-hal-1-0'...
[    6.382989] init: starting service 'vendor.power-hal-1-0'...
[    6.401121] init: starting service 'vendor.sensors-hal-1-0'...
[    6.410847] healthd: BatteryPresentPath not found
[    6.410896] healthd: BatteryTechnologyPath not found
[    6.410911] healthd: BatteryCycleCountPath not found
[    6.418466] healthd: battery l=100 v=8432 t=18.8 h=2 st=5 c=5 fc=2800000 chg=u
[    6.423943] init: starting service 'vendor.wifi_hal_legacy'...
[    6.427139] init: Command 'class_start hal' action=boot (/init.rc:676) took 125ms and succeeded
[    6.427657] init: Could not start service 'displayd' as part of class 'core': Cannot find '/system/bin/displayd': No such file or directory
[    6.430819] init: starting service 'audioserver'...
[    6.440185] init: starting service 'lmkd'...
[    6.447002] init: Created socket '/dev/socket/lmkd', mode 660, user 1000, group 1000
[    6.450514] init: starting service 'surfaceflinger'...
[    6.454702] init: Failed to bind socket 'pdx/system/vr/display/client': No such file or directory
[    6.455854] init: Failed to bind socket 'pdx/system/vr/display/manager': No such file or directory
[    6.455856] init: starting service 'thermalservice'...
[    6.456962] init: Failed to bind socket 'pdx/system/vr/display/vsync': No such file or directory
[    6.458751] init: processing action (boot) from (/init.usb.rc:21)
[    6.459612] init: processing action (persist.sys.usb.config=* && boot) from (/init.usb.rc:102)
[    6.459836] init: processing action (boot) from (/vendor/etc/init/hw/init.rk30board.rc:49)
[    6.535651] init: processing action (boot) from (/vendor/etc/init/hw/init.rockchip.rc:50)
[    6.536162] init: processing action (boot) from (/vendor/etc/init/hw/init.rk30board.usb.rc:1)
[    6.542413] init: Command 'mount configfs none /config' action=boot (/vendor/etc/init/hw/init.rk30board.usb.rc:4) took 0ms and failed: mount() failed: Device or resource busy
[    6.559193] init: property 'ro.serialno' doesn't exist while expanding '${ro.serialno}'
[    6.559544] init: Command 'write /config/usb_gadget/g1/strings/0x409/serialnumber ${ro.serialno}' action=boot (/vendor/etc/init/hw/init.rk30board.usb.rc:10) took 0ms and failed: cannot expand '${ro.serialno}'
[    6.576164] file system registered
[    6.591117] using random self ethernet address
[    6.591147] using random host ethernet address
[    6.592307] init: Command 'write /config/usb_gadget/g1/functions/rndis.gs4/wceis 1' action=boot (/vendor/etc/init/hw/init.rk30board.usb.rc:19) took 0ms and failed: Unable to write to file '/config/usb_gadget/g1/functions/rndis.gs4/wceis': open() failed: Permission denied
[    6.621300] init: processing action (boot) from (/vendor/etc/init/hw/init.rk3326.rc:10)
[    6.647647] init: processing action (boot) from (/system/etc/init/bootstat.rc:61)
[    6.647853] init: processing action (boot) from (/system/etc/init/dumpstate.rc:1)
[    6.648193] init: processing action (enable_property_trigger) from (<Builtin Action>:0)
[    6.648729] init: processing action (security.perf_harden=1) from (/init.rc:735)
[    6.649704] init: processing action (ro.debuggable=1) from (/init.rc:759)
[    6.650355] init: processing action (ro.boot.noril=true) from (/vendor/etc/init/hw/init.rk30board.rc:267)
[    6.651599] init: Command 'stop ril-daemon' action=ro.boot.noril=true (/vendor/etc/init/hw/init.rk30board.rc:269) took 0ms and failed: service ril-daemon not found
[    6.651713] init: processing action (sys.usb.config=mtp,adb && sys.usb.configfs=1) from (/vendor/etc/init/hw/init.rk30board.usb.rc:43)
[    6.654517] init: processing action (sys.usb.config=mtp,adb && sys.usb.configfs=1) from (/init.usb.configfs.rc:32)
[    6.655007] init: starting service 'adbd'...
[    6.656968] init: processing action (defaultcrypto) from (/system/etc/init/vdc.rc:2)
[    6.657880] init: starting service 'exec 3 (/system/bin/vdc --wait cryptfs mountdefaultencrypted)'...
[    6.668598] init: Created socket '/dev/socket/adbd', mode 660, user 1000, group 1000
[    6.670555] init: SVC_EXEC pid 249 (uid 0 gid 0+0 context default) started; waiting...
[    6.685432] healthd: BatteryPresentPath not found
[    6.685472] healthd: BatteryTechnologyPath not found
[    6.685486] healthd: BatteryCycleCountPath not found
[    6.773109] healthd: battery l=100 v=8432 t=18.8 h=2 st=5 c=5 fc=2800000 chg=u
[    6.780344] read descriptors
[    6.780379] read strings
[    6.805245] vdc: Waited 0ms for vold
[    6.809451] init: Service 'exec 3 (/system/bin/vdc --wait cryptfs mountdefaultencrypted)' (pid 249) exited with status 0 waiting took 0.150000 seconds
[    6.811127] init: processing action (sys.usb.config=mtp,adb && sys.usb.configfs=1 && sys.usb.ffs.ready=1) from (/init.usb.configfs.rc:35)
[    6.821086] dwc2 ff300000.usb: bound driver configfs-gadget
[    7.449518] type=1400 audit(1501923608.203:7): avc: denied { setattr } for pid=175 comm="init" name="bluetooth" dev="tmpfs" ino=11399 scontext=u:r:vendor_init:s0 tcontext=u:object_r:bluetooth_data_file:s0 tclass=dir permissive=1
[    7.449581] type=1400 audit(1501923609.416:8): avc: denied { read } for pid=245 comm="surfaceflinger" name="u:object_r:vendor_default_prop:s0" dev="tmpfs" ino=7790 scontext=u:r:surfaceflinger:s0 tcontext=u:object_r:vendor_default_prop:s0 tclass=file permissive=1
[    7.450086] type=1400 audit(1501923609.416:8): avc: denied { read } for pid=245 comm="surfaceflinger" name="u:object_r:vendor_default_prop:s0" dev="tmpfs" ino=7790 scontext=u:r:surfaceflinger:s0 tcontext=u:object_r:vendor_default_prop:s0 tclass=file permissive=1
[    7.450145] type=1400 audit(1501923609.416:9): avc: denied { open } for pid=245 comm="surfaceflinger" path="/dev/__properties__/u:object_r:vendor_default_prop:s0" dev="tmpfs" ino=7790 scontext=u:r:surfaceflinger:s0 tcontext=u:object_r:vendor_default_prop:s0 tclass=file permissive=1
[    7.450997] type=1400 audit(1501923609.416:9): avc: denied { open } for pid=245 comm="surfaceflinger" path="/dev/__properties__/u:object_r:vendor_default_prop:s0" dev="tmpfs" ino=7790 scontext=u:r:surfaceflinger:s0 tcontext=u:object_r:vendor_default_prop:s0 tclass=file permissive=1
[    7.451059] type=1400 audit(1501923609.416:10): avc: denied { getattr } for pid=245 comm="surfaceflinger" path="/dev/__properties__/u:object_r:vendor_default_prop:s0" dev="tmpfs" ino=7790 scontext=u:r:surfaceflinger:s0 tcontext=u:object_r:vendor_default_prop:s0 tclass=file permissive=1
[    8.388824] init: Received control message 'start' for 'bootanim' from pid: 245 (/system/bin/surfaceflinger)
[    8.389834] init: starting service 'bootanim'...
[    9.411913] selinux: avc:  denied  { set } for property=vendor.gmali.version pid=321 uid=1003 gid=1003 scontext=u:r:bootanim:s0 tcontext=u:object_r:public_vendor_system_prop:s0 tclass=property_service permissive=1\x0a
[    9.645626] Freeing drm_logo memory: 3608K
[   11.671228] fsck.f2fs: Info: Fix the reported corruption.\x0a
[   11.671303] fsck.f2fs: \x09Info: No support kernel version!\x0a
[   11.671321] fsck.f2fs: Info: Segments per section = 1\x0a
[   11.671337] fsck.f2fs: Info: Sections per zone = 1\x0a
[   11.671353] fsck.f2fs: Info: sector size = 512\x0a
[   11.671369] fsck.f2fs: Info: total sectors = 7394271 (3610 MB)\x0a
[   11.671385] fsck.f2fs: Info: MKFS version\x0a
[   11.671403] fsck.f2fs:   "4.4.167 #12 SMP PREEMPT Wed Sep 4 09:43:25 HKT 2019"\x0a
[   11.671419] fsck.f2fs: Info: FSCK version\x0a
[   11.671435] fsck.f2fs:   from "4.4.167 #12 SMP PREEMPT Wed Sep 4 09:43:25 HKT 2019"\x0a
[   11.671452] fsck.f2fs:     to "4.4.167 #12 SMP PREEMPT Wed Sep 4 09:43:25 HKT 2019"\x0a
[   11.671469] fsck.f2fs: Info: superblock features = 481 :  encrypt verity quota_ino\x0a
[   11.671485] fsck.f2fs: Info: superblock encrypt level = 0, salt = 00000000000000000000000000000000\x0a
[   11.671502] fsck.f2fs: Info: total FS sectors = 7394264 (3610 MB)\x0a
[   11.671518] fsck.f2fs: Info: CKPT version = 11a413b2\x0a
[   11.671534] fsck.f2fs: Info: Write valid nat_bits in checkpoint\x0a
[   11.671551] fsck.f2fs: Info: checkpoint state = c4 :  nat_bits crc compacted_summary sudden-power-off\x0a
[   11.671567] fsck.f2fs: \x0a
[   11.671583] fsck.f2fs: [FSCK] Unreachable nat entries                        [Ok..] [0x0]\x0a
[   11.671599] fsck.f2fs: [FSCK] SIT valid block bitmap checking                [Ok..]\x0a
[   11.671616] fsck.f2fs: [FSCK] Hard link checking for regular file            [Ok..] [0x0]\x0a
[   11.671633] fsck.f2fs: [FSCK] valid_block_count matching with CP             [Ok..] [0x6141]\x0a
[   11.671650] fsck.f2fs: [FSCK] valid_node_count matcing with CP (de lookup)   [Ok..] [0x743]\x0a
[   11.671667] fsck.f2fs: [FSCK] valid_node_count matcing with CP (nat lookup)  [Ok..] [0x743]\x0a
[   11.671684] fsck.f2fs: [FSCK] valid_inode_count matched with CP              [Ok..] [0x737]\x0a
[   11.671700] fsck.f2fs: [FSCK] free segment_count matched with CP             [Ok..] [0x6b0]\x0a
[   11.671717] fsck.f2fs: [FSCK] next block offset is free                      [Ok..]\x0a
[   11.671733] fsck.f2fs: [FSCK] fixing SIT types\x0a
[   11.671749] fsck.f2fs: [FSCK] other corrupted bugs                           [Ok..]\x0a
[   11.671765] fsck.f2fs: \x0a
[   11.671780] fsck.f2fs: Done.\x0a
[   11.765441] F2FS-fs (dm-0): Found nat_bits in checkpoint
[   11.832325] F2FS-fs (dm-0): recover_inode: ino = 664, name = external.db, inline = 1
[   11.832416] F2FS-fs (dm-0): recover_data: ino = 664 (i_size: recover) recovered = 0, err = 0
[   11.832432] F2FS-fs (dm-0): recover_inode: ino = df0, name = sanity.xml, inline = b
[   11.833315] F2FS-fs (dm-0): recover_dentry: ino = df0, name = sanity.xml, dir = 6cb, err = 0
[   11.833357] F2FS-fs (dm-0): recover_data: ino = df0 (i_size: recover) recovered = 0, err = 0
[   11.833375] F2FS-fs (dm-0): recover_inode: ino = df2, name = notification_policy.xml, inline = 1
[   11.834302] F2FS-fs (dm-0): recover_dentry: ino = df2, name = notification_policy.xml, dir = 50, err = 0
[   11.834407] F2FS-fs (dm-0): recover_data: ino = df2 (i_size: recover) recovered = 3, err = 0
[   11.834425] F2FS-fs (dm-0): recover_inode: ino = 76a, name = galalog.txt.temp, inline = 1
[   11.834930] F2FS-fs (dm-0): recover_data: ino = 76a (i_size: recover) recovered = 29, err = 0
[   11.834952] F2FS-fs (dm-0): recover_inode: ino = df4, name = logrecord.xml, inline = b
[   11.836267] F2FS-fs (dm-0): recover_dentry: ino = df4, name = logrecord.xml, dir = 72b, err = 0
[   11.836316] F2FS-fs (dm-0): recover_data: ino = df4 (i_size: recover) recovered = 0, err = 0
[   11.836336] F2FS-fs (dm-0): recover_inode: ino = df9, name = player_config.xml, inline = b
[   11.837002] F2FS-fs (dm-0): recover_dentry: ino = df9, name = player_config.xml, dir = 72b, err = 0
[   11.837041] F2FS-fs (dm-0): recover_data: ino = df9 (i_size: recover) recovered = 0, err = 0
[   11.837059] F2FS-fs (dm-0): recover_inode: ino = dfa, name = module_version.xml, inline = b
[   11.837586] F2FS-fs (dm-0): recover_dentry: ino = dfa, name = module_version.xml, dir = 72b, err = 0
[   11.837626] F2FS-fs (dm-0): recover_data: ino = dfa (i_size: recover) recovered = 0, err = 0
[   11.841774] F2FS-fs (dm-0): checkpoint: version = 11a413b3
[   11.841939] F2FS-fs (dm-0): Mounted with checkpoint version = 11a413b3
[   11.845284] init: processing action (vold.decrypt=trigger_post_fs_data) from (/init.rc:698)
[   11.845428] init: processing action (post-fs-data) from (/init.rc:384)
[   11.983760] init: starting service 'exec 4 (/system/bin/vdc --wait cryptfs init_user0)'...
[   11.985038] init: SVC_EXEC pid 357 (uid 0 gid 0+0 context default) started; waiting...
[   12.020874] vdc: Waited 0ms for vold
[   12.077993] init: Service 'exec 4 (/system/bin/vdc --wait cryptfs init_user0)' (pid 357) exited with status 0 waiting took 0.093000 seconds
[   12.078473] selinux: SELinux: Skipping restorecon_recursive(/data)\x0a
[   12.079331] init: starting service 'exec 5 (/system/bin/tzdatacheck /system/usr/share/zoneinfo /data/misc/zoneinfo)'...
[   12.080612] init: SVC_EXEC pid 359 (uid 1000 gid 1000+0 context default) started; waiting...
[   12.100363] init: Service 'exec 5 (/system/bin/tzdatacheck /system/usr/share/zoneinfo /data/misc/zoneinfo)' (pid 359) exited with status 0 waiting took 0.020000 seconds
[   12.100615] init: processing action (post-fs-data) from (/init.usb.rc:6)
[   12.104516] init: processing action (post-fs-data) from (/vendor/etc/init/hw/init.rk30board.rc:19)
[   12.110302] type=1400 audit(1501923609.416:10): avc: denied { getattr } for pid=245 comm="surfaceflinger" path="/dev/__properties__/u:object_r:vendor_default_prop:s0" dev="tmpfs" ino=7790 scontext=u:r:surfaceflinger:s0 tcontext=u:object_r:vendor_default_prop:s0 tclass=file permissive=1
[   12.110369] type=1400 audit(1501923614.076:11): avc: denied { setattr } for pid=175 comm="init" name="ipc" dev="dm-0" ino=108 scontext=u:r:vendor_init:s0 tcontext=u:object_r:system_data_file:s0 tclass=dir permissive=1
[   12.110594] init: processing action (post-fs-data) from (/vendor/etc/init/hw/init.rockchip.rc:43)
[   12.110945] init: processing action (post-fs-data) from (/system/etc/init/bootstat.rc:7)
[   12.123902] init: processing action (init.svc.bootanim=running && ro.crypto.type=block && post-fs-data) from (/system/etc/init/bootstat.rc:48)
[   12.124733] init: starting service 'exec 6 (/system/bin/bootstat -r post_decrypt_time_elapsed)'...
[   12.126195] init: processing action (post-fs-data) from (/system/etc/init/incidentd.rc:21)
[   12.127960] init: processing action (post-fs-data) from (/system/etc/init/logtagd.rc:4)
[   12.131791] init: processing action (post-fs-data) from (/system/etc/init/statsd.rc:25)
[   12.135247] init: processing action (post-fs-data) from (/vendor/etc/init/hostapd.android.rc:9)
[   12.141908] init: processing action (zygote-start) from (/vendor/etc/init/hw/init.connectivity.rc:2)
[   12.142625] type=1400 audit(1501923614.076:11): avc: denied { setattr } for pid=175 comm="init" name="ipc" dev="dm-0" ino=108 scontext=u:r:vendor_init:s0 tcontext=u:object_r:system_data_file:s0 tclass=dir permissive=1
[   12.142711] type=1400 audit(1501923614.110:12): avc: denied { setattr } for pid=175 comm="init" name="bluetooth" dev="dm-0" ino=14 scontext=u:r:vendor_init:s0 tcontext=u:object_r:bluetooth_data_file:s0 tclass=dir permissive=1
[   12.146463] init: Subcontext init could not set 'ro.bt.bdaddr_path' to '/data/misc/bluetooth/bdaddr': Read-only property was already set
[   12.156761] init: processing action (vold.decrypt=trigger_load_persist_props) from (/init.rc:693)
[   12.156949] init: Couldn't load property file '/data/local.prop': open() failed: No such file or directory: No such file or directory
[   12.160796] init: starting service 'logd-reinit'...
[   12.162796] init: processing action (vold.decrypt=trigger_restart_framework) from (/init.rc:707)
[   12.162936] init: Command 'exec_start update_verifier' action=vold.decrypt=trigger_restart_framework (/init.rc:709) took 0ms and failed: Service not found
[   12.164136] init: starting service 'flash_recovery'...
[   12.166697] init: Could not start service 'bplus_helper' as part of class 'main': Cannot find '/system/bin/bplus_helper': No such file or directory
[   12.167627] init: Could not start service 'up_eth0' as part of class 'main': File /system/bin/busybox(labeled "u:object_r:system_file:s0") has incorrect label or no domain transition from u:r:init:s0 to another SELinux domain defined. Have you configured your service correctly? https://source.android.com/security/selinux/device-policy#label_new_services_and_address_denials
[   12.167866] init: Could not start service 'rk_store_keybox' as part of class 'main': Cannot find '/vendor/bin/rk_store_keybox': No such file or directory
[   12.168023] init: Could not start service 'akmd' as part of class 'main': Cannot find '/system/bin/akmd': No such file or directory
[   12.168936] init: starting service 'zygote'...
[   12.171249] init: starting service 'zygote_secondary'...
[   12.171637] init: Created socket '/dev/socket/zygote', mode 660, user 0, group 1000
[   12.173970] init: Created socket '/dev/socket/zygote_secondary', mode 660, user 0, group 1000
[   12.174408] init: starting service 'cameraserver'...
[   12.177906] init: starting service 'drm'...
[   12.181300] init: starting service 'incidentd'...
[   12.183024] init: couldn't write 365 to /dev/cpuset/camera-daemon/tasks: No such file or directory
[   12.186203] init: starting service 'installd'...
[   12.190192] init: starting service 'keystore'...
[   12.193927] init: starting service 'mediadrm'...
[   12.198427] init: starting service 'mediaextractor'...
[   12.202043] init: starting service 'mediametrics'...
[   12.210205] init: starting service 'media'...
[   12.214227] init: starting service 'netd'...
[   12.225394] init: starting service 'statsd'...
[   12.231974] init: Created socket '/dev/socket/netd', mode 660, user 0, group 1000
[   12.236641] logd.daemon: reinit
[   12.238073] init: starting service 'storaged'...
[   12.240493] init: Created socket '/dev/socket/dnsproxyd', mode 660, user 0, group 3003
[   12.242116] init: Created socket '/dev/socket/mdns', mode 660, user 0, group 1000
[   12.243960] init: Created socket '/dev/socket/statsdw', mode 222, user 1066, group 1066
[   12.245633] init: starting service 'wificond'...
[   12.250084] init: Created socket '/dev/socket/fwmarkd', mode 660, user 0, group 3003
[   12.251325] init: Failed to open file '/d/mmc0/mmc0:0001/ext_csd': No such file or directory
[   12.257241] init: starting service 'vendor.media.omx'...
[   12.269724] init: starting service 'rockchip.drmservice'...
[   12.278168] init: Command 'class_start main' action=vold.decrypt=trigger_restart_framework (/init.rc:710) took 109ms and succeeded
[   12.278763] init: Service 'exec 6 (/system/bin/bootstat -r post_decrypt_time_elapsed)' (pid 360) exited with status 0
[   12.280175] init: Service 'logd-reinit' (pid 361) exited with status 0
[   12.282598] init: starting service 'gatekeeperd'...
[   12.313830] init: starting service 'perfprofd'...
[   12.328494] init: starting service 'tombstoned'...
[   12.342696] init: starting service 'usbd'...
[   12.356207] init: Created socket '/dev/socket/tombstoned_crash', mode 666, user 1000, group 1000
[   12.357472] init: Created socket '/dev/socket/tombstoned_intercept', mode 666, user 1000, group 1000
[   12.358805] init: Created socket '/dev/socket/tombstoned_java_trace', mode 666, user 1000, group 1000
[   12.367537] init: Command 'class_start late_start' action=vold.decrypt=trigger_restart_framework (/init.rc:711) took 86ms and succeeded
[   12.480847] init: processing action (init.svc.mediadrm=running) from (/vendor/etc/init/android.hardware.drm@1.1-service.widevine.rc:1)
[   12.493640] init: starting service 'vendor.move_data_sh'...
[   12.679147] ret = 0
[   12.680947] init: processing action (vendor.serialno=*) from (/vendor/etc/init/hw/init.rk30board.rc:279)
[   12.682422] init: Sending signal 9 to service 'adbd' (pid 248) process group...
[   12.736391] configfs-gadget gadget: unbind function 'mtp'/ffffffc03ba25000
[   12.736445] configfs-gadget gadget: unbind function 'Function FS Gadget'/ffffffc03a583038
[   12.738063] android_work: did not send uevent (0 0           (null))
[   12.738559] libprocessgroup: Successfully killed process cgroup uid 0 pid 248 in 55ms
[   12.739289] init: Command 'restart adbd' action=vendor.serialno=* (/vendor/etc/init/hw/init.rk30board.rc:281) took 57ms and succeeded
[   12.741200] init: Service 'adbd' (pid 248) received signal 9
[   12.756066] init: starting service 'adbd'...
[   12.757903] init: Service 'rockchip.drmservice' (pid 381) exited with status 0
[   12.758412] init: Service 'vendor.move_data_sh' (pid 386) exited with status 0
[   12.780800] init: Created socket '/dev/socket/adbd', mode 660, user 1000, group 1000
[   12.796650] init: Service 'usbd' (pid 385) exited with status 0
[   12.867971] read descriptors
[   12.868006] read strings
[   12.887712] init: processing action (sys.usb.config=mtp,adb && sys.usb.configfs=1 && sys.usb.ffs.ready=1) from (/init.usb.configfs.rc:35)
[   12.896950] dwc2 ff300000.usb: bound driver configfs-gadget
[   13.709769] BJC xfrm_user+2524
[   13.709917] BJC xfrm_user+2524
[   15.247811] init: Service 'flash_recovery' (pid 362) exited with status 0
[   16.885735] capability: warning: `main' uses 32-bit capabilities (legacy support in use)
[   18.814536] healthd: battery l=100 v=8424 t=18.8 h=2 st=5 c=5 fc=2800000 chg=u
[   20.191994] healthd: battery l=100 v=8424 t=18.8 h=2 st=5 c=5 fc=2800000 chg=u
[   20.193881] healthd: battery l=100 v=8424 t=18.8 h=2 st=5 c=5 fc=2800000 chg=u
[   20.677700] init: processing action (sys.sysctl.extra_free_kbytes=*) from (/init.rc:725)
[   21.808716] acc_open
[   21.808770] acc_release
[   22.531638] sdcardfs version 2.0
[   22.531671] sdcardfs: dev_name -> /data/media
[   22.531679] sdcardfs: options -> fsuid=1023,fsgid=1023,multiuser,derive_gid,default_normal,mask=6,userid=0,gid=1015
[   22.531688] sdcardfs: mnt -> ffffffc02b68a020
[   22.531782] sdcardfs: mounted on top of /data/media type f2fs
[   22.533146] Remount options were mask=23,gid=9997 for vfsmnt ffffffc02b68aaa0.
[   22.533182] sdcardfs : options - debug:1
[   22.533190] sdcardfs : options - gid:9997
[   22.533196] sdcardfs : options - mask:23
[   22.533774] Remount options were mask=7,gid=9997 for vfsmnt ffffffc02b68b1a0.
[   22.533802] sdcardfs : options - debug:1
[   22.533809] sdcardfs : options - gid:9997
[   22.533816] sdcardfs : options - mask:7
[   22.778812] tmp1=00008e00,buf[0]=00,buf[1]=8e,buf[2]=00,buf[3]=00
[   23.112107] 
[   23.112131] =======================================================
[   23.112138] ==== Launching Wi-Fi driver! (Powered by Rockchip) ====
[   23.112144] =======================================================
[   23.112151] Realtek 8723BS SDIO WiFi driver (Powered by Rockchip,Ver v5.2.17.1_26955.20180307_COEX20180201-6f52) init.
[   23.112248] [WLAN_RFKILL]: rockchip_wifi_power: 1
[   23.112264] mmc1:mmc host rescan start!
[   23.112279] RTW: module init start
[   23.112289] RTW: rtl8723bs v5.2.17.1_26955.20180307_COEX20180201-6f52
[   23.112296] RTW: build time: Jul 31 2019 10:01:18
[   23.112304] RTW: rtl8723bs BT-Coex version = COEX20180201-6f52
[   23.505994] binder: undelivered transaction 8867, process died.
[   24.112894] RTW: == SDIO Card Info ==
[   24.112933] RTW:   clock: 50000000 Hz
[   24.112940] RTW:   timing spec :sd high-speed
[   24.112954] RTW:   sd3_bus_mode: FALSE
[   24.112960] RTW: ================
[   24.161571] selinux: avc:  denied  { set } for property=vendor.gmali.version pid=746 uid=1000 gid=1000 scontext=u:r:system_app:s0 tcontext=u:object_r:public_vendor_system_prop:s0 tclass=property_service permissive=1\x0a
[   24.313957] RTW: 0x000: 29 81 03 7C 51 08 28 00    62 07 0D 45 10 00 00 00
[   24.314032] RTW: 0x010: 26 26 27 27 27 27 29 29    2A 2A 2A 02 FF FF FF FF
[   24.314086] RTW: 0x020: FF FF FF FF FF FF FF FF    FF FF FF FF FF FF FF FF
[   24.314139] RTW: 0x030: FF FF FF FF FF FF FF FF    FF FF 2D 2D 2D 2D 2D 2D
[   24.314192] RTW: 0x040: 2D 2D 2D 2D 2D E0 FF FF    FF FF FF FF FF FF FF FF
[   24.314245] RTW: 0x050: FF FF FF FF FF FF FF FF    FF FF FF FF FF FF FF FF
[   24.314298] RTW: 0x060: FF FF FF FF FF FF FF FF    FF FF FF FF FF FF FF FF
[   24.314350] RTW: 0x070: FF FF FF FF FF FF FF FF    FF FF FF FF FF FF FF FF
[   24.314401] RTW: 0x080: FF FF FF FF FF FF FF FF    FF FF FF FF FF FF FF FF
[   24.314452] RTW: 0x090: FF FF FF FF FF FF FF FF    FF FF FF FF FF FF FF FF
[   24.314506] RTW: 0x0a0: FF FF FF FF FF FF FF FF    FF FF FF FF FF FF FF FF
[   24.314556] RTW: 0x0b0: FF FF FF FF FF FF FF FF    20 26 20 00 00 00 FF FF
[   24.314610] RTW: 0x0c0: FF 29 20 11 00 00 00 FF    00 FF 12 FF FF FF FF FF
[   24.314662] RTW: 0x0d0: 3E 10 01 02 23 00 00 FF    20 04 4C 02 23 B7 21 02
[   24.314714] RTW: 0x0e0: 0C 00 22 04 00 08 00 32    FF 21 02 0C 00 22 2A 01
[   24.314906] RTW: 0x0f0: 01 00 00 00 00 00 00 00    00 00 00 00 02 00 FF FF
[   24.314968] RTW: 0x100: 00 00 00 00 00 00 00 00    00 00 00 00 00 00 00 00
[   24.315025] RTW: 0x110: 00 EB 00 6E 01 00 00 00    00 FF 48 46 C1 75 73 58
[   24.315083] RTW: 0x120: FF FF FF FF FF FF FF FF    FF FF FF FF FF FF FF FF
[   24.315141] RTW: 0x130: FF FF FF FF FF FF FF FF    FF FF FF FF FF FF FF FF
[   24.315198] RTW: 0x140: FF FF FF FF FF FF FF FF    FF FF FF FF FF FF FF FF
[   24.315255] RTW: 0x150: FF FF FF FF FF FF FF FF    FF FF FF FF FF FF FF FF
[   24.315314] RTW: 0x160: FF FF FF FF FF FF FF FF    FF FF FF FF FF FF FF FF
[   24.315371] RTW: 0x170: FF FF FF FF FF FF FF FF    FF FF FF FF FF FF FF FF
[   24.315430] RTW: 0x180: FF FF FF FF FF FF FF FF    FF FF FF FF FF FF FF FF
[   24.315568] RTW: 0x190: FF FF FF FF FF FF FF FF    FF FF FF FF FF FF FF FF
[   24.315642] RTW: 0x1a0: FF FF FF FF FF FF FF FF    FF FF FF FF FF FF FF FF
[   24.315702] RTW: 0x1b0: FF FF FF FF FF FF FF FF    FF FF FF FF FF FF FF FF
[   24.319751] RTW: 0x1c0: FF FF FF FF FF FF FF FF    FF FF FF FF FF FF FF FF
[   24.319806] RTW: 0x1d0: FF FF FF FF FF FF FF FF    FF FF FF FF FF FF FF FF
[   24.319860] RTW: 0x1e0: FF FF FF FF FF FF FF FF    FF FF FF FF FF FF FF FF
[   24.319914] RTW: 0x1f0: FF FF FF FF FF FF FF FF    FF FF FF FF FF FF FF FF
[   24.319966] 
[   24.326755] RTW: hal_com_config_channel_plan chplan:0x20
[   24.333500] RTW: rtw_regsty_chk_target_tx_power_valid return _FALSE for band:0, path:0, rs:0, t:-1
[   24.333533] [WLAN_RFKILL]: rockchip_wifi_mac_addr: enter.
[   24.333547] [WLAN_RFKILL]: get_wifi_addr_vendor: rk_vendor_read wifi mac address: e4:f3:e8:d8:8e:dd
[   24.333557] [WLAN_RFKILL]: falsh wifi_custom_mac_addr=[e4:f3:e8:d8:8e:dd]
[   24.333568] get mac address from flash=[e4:f3:e8:d8:8e:dd]
[   24.354033] RTW: rtw_ndev_init(wlan0) if1 mac_addr=e4:f3:e8:d8:8e:dd
[   24.371218] RTW: rtw_ndev_init(p2p0) if2 mac_addr=e6:f3:e8:d8:8e:dd
[   24.389203] RTW: module init ret=0
[   24.391709] init: processing action (wlan.driver.status=ok) from (/vendor/etc/init/hw/init.connectivity.rc:52)
[   24.395454] init: processing action (wlan.driver.status=ok) from (/vendor/etc/init/hw/init.connectivity.rc:52)
[   24.400986] init: Received control message 'start' for 'wpa_supplicant' from pid: 379 (/system/bin/wificond)
[   24.409965] init: starting service 'wpa_supplicant'...
[   24.438041] init: Created socket '/dev/socket/wpa_wlan0', mode 660, user 1010, group 1010
[   24.464530] ret = ffffffffffffffff
[   24.473568] [BT_RFKILL]: bt shut off power
[   24.695611] [BT_RFKILL]: ENABLE UART_RTS
[   24.798903] [BT_RFKILL]: DISABLE UART_RTS
[   24.798983] [BT_RFKILL]: bt turn on power
[   24.799619] of_dma_request_slave_channel: dma-names property of node '/serial@ff158000' missing or empty
[   24.799642] ttyS1 - failed to request DMA, use interrupt mode
[   25.753062] RTW: wlan0- hw port(0) mac_addr =e4:f3:e8:d8:8e:dd
[   25.753195] RTW: p2p0- hw port(1) mac_addr =e6:f3:e8:d8:8e:dd
[   25.756600] IPv6: ADDRCONF(NETDEV_UP): wlan0: link is not ready
[   25.998419] init: processing action (vendor.wifi.direct.interface=p2p0) from (/vendor/etc/init/hw/init.connectivity.rc:56)
[   26.194676] IPv6: ADDRCONF(NETDEV_UP): p2p0: link is not ready
[   26.765952] selinux: avc:  denied  { set } for property=vendor.gmali.version pid=730 uid=10021 gid=10021 scontext=u:r:platform_app:s0:c512,c768 tcontext=u:object_r:public_vendor_system_prop:s0 tclass=property_service permissive=1\x0a
[   28.064579] RTW: nolinked power save enter
[   29.944002] init: Service 'bootanim' (pid 321) exited with status 0
[   30.037138] init: processing action (sys.usb.config=none && sys.usb.configfs=1) from (/vendor/etc/init/hw/init.rk30board.usb.rc:31)
[   30.052129] init: processing action (sys.usb.config=none && sys.usb.configfs=1) from (/init.usb.configfs.rc:1)
[   30.082128] android_work: did not send uevent (0 0           (null))
[   30.082272] configfs-gadget gadget: unbind function 'mtp'/ffffffc03ba25000
[   30.082343] configfs-gadget gadget: unbind function 'Function FS Gadget'/ffffffc03a583038
[   30.082973] init: Sending signal 9 to service 'adbd' (pid 387) process group...
[   30.133980] libprocessgroup: Successfully killed process cgroup uid 0 pid 387 in 50ms
[   30.134560] init: Command 'stop adbd' action=sys.usb.config=none && sys.usb.configfs=1 (/init.usb.configfs.rc:3) took 51ms and succeeded
[   30.135137] init: Service 'adbd' (pid 387) received signal 9
[   30.143247] init: processing action (sys.boot_completed=1) from (/init.rc:719)
[   30.143403] init: processing action (sys.boot_completed=1) from (/vendor/etc/init/hw/init.rk30board.rc:239)
[   30.164026] init: processing action (sys.boot_completed=1) from (/vendor/etc/init/hw/init.rk3326.rc:1)
[   30.171553] init: processing action (sys.boot_completed=1 && sys.logbootcomplete=1) from (/system/etc/init/bootstat.rc:70)
[   30.175372] init: starting service 'exec 7 (/system/bin/bootstat --set_system_boot_reason --record_boot_complete --record_boot_reason --record_time_since_factory_reset -l)'...
[   30.178440] init: processing action (sys.boot_completed=1 && sys.wifitracing.started=0) from (/system/etc/init/wifi-events.rc:20)
[   30.225290] RTW: wlan0- hw port(0) mac_addr =e4:f3:e8:d8:8e:dd
[   30.225453] RTW: p2p0- hw port(1) mac_addr =e6:f3:e8:d8:8e:dd
[   30.245337] RTW: nolinked power save leave
[   30.259711] logd: logdr: UID=1000 GID=1007 PID=944 n tail=0 logMask=80 pid=0 start=0ns timeout=0ns
[   30.358510] init: Command 'mkdir /sys/kernel/debug/tracing/instances/wifi 711' action=sys.boot_completed=1 && sys.wifitracing.started=0 (/system/etc/init/wifi-events.rc:22) took 179ms and succeeded
[   30.416698] init: processing action (init.svc.adbd=stopped) from (/init.usb.configfs.rc:14)
[   30.421200] init: processing action (persist.sys.zram_enabled=1 && sys-boot-completed-set) from (/vendor/etc/init/hw/init.rk30board.rc:253)
[   30.430242] zram0: detected capacity change from 0 to 499494912
[   30.495830] mkswap: Swapspace size: 487784k, UUID=d0d68ca2-de5b-4b07-9451-88df05b427b4
[   30.497255] Adding 487784k swap on /dev/block/zram0.  Priority:-1 extents:1 across:487784k SS
[   30.497559] init: Command 'swapon_all /vendor/etc/fstab.${ro.hardware}' action=persist.sys.zram_enabled=1 && sys-boot-completed-set (/vendor/etc/init/hw/init.rk30board.rc:254) took 76ms and succeeded
[   30.501445] init: processing action (sys.usb.config=adb && sys.usb.configfs=1) from (/vendor/etc/init/hw/init.rk30board.usb.rc:64)
[   30.502982] init: processing action (sys.usb.config=adb && sys.usb.configfs=1) from (/init.usb.configfs.rc:17)
[   30.503179] init: starting service 'adbd'...
[   30.512116] init: Created socket '/dev/socket/adbd', mode 660, user 1000, group 1000
[   30.531759] read descriptors
[   30.531807] read strings
[   30.532154] init: processing action (ro.boot.bootreason=*) from (/system/etc/init/bootstat.rc:4)
[   30.534295] init: processing action (sys.usb.config=adb && sys.usb.configfs=1 && sys.usb.ffs.ready=1) from (/init.usb.configfs.rc:20)
[   30.538821] dwc2 ff300000.usb: bound driver configfs-gadget
[   30.543503] init: Service 'exec 7 (/system/bin/bootstat --set_system_boot_reason --record_boot_complete --record_boot_reason --record_time_since_factory_reset -l)' (pid 944) exited with status 0
[   30.577123] selinux: SELinux: Skipping restorecon_recursive(/data/system_ce/0)\x0a
[   30.579687] init: Async property child exited with status 0
[   30.592037] selinux: SELinux: Skipping restorecon_recursive(/data/misc_ce/0)\x0a
[   30.597002] init: Async property child exited with status 0
[   31.724934] RTW: nolinked power save enter
[   31.838184] RTW: wlan0- hw port(0) mac_addr =e4:f3:e8:d8:8e:dd
[   31.838332] RTW: p2p0- hw port(1) mac_addr =e6:f3:e8:d8:8e:dd
[   31.852232] RTW: nolinked power save leave
[   32.473313] type=1400 audit(1501923614.110:12): avc: denied { setattr } for pid=175 comm="init" name="bluetooth" dev="dm-0" ino=14 scontext=u:r:vendor_init:s0 tcontext=u:object_r:bluetooth_data_file:s0 tclass=dir permissive=1
[   32.473417] type=1400 audit(1572251022.040:13): avc: denied { read } for pid=1006 comm="ckgroundService" name="u:object_r:serialno_prop:s0" dev="tmpfs" ino=7780 scontext=u:r:untrusted_app_27:s0:c512,c768 tcontext=u:object_r:serialno_prop:s0 tclass=file permissive=1
[   32.473724] type=1400 audit(1572251022.040:13): avc: denied { read } for pid=1006 comm="ckgroundService" name="u:object_r:serialno_prop:s0" dev="tmpfs" ino=7780 scontext=u:r:untrusted_app_27:s0:c512,c768 tcontext=u:object_r:serialno_prop:s0 tclass=file permissive=1
[   32.473786] type=1400 audit(1572251022.040:14): avc: denied { open } for pid=1006 comm="ckgroundService" path="/dev/__properties__/u:object_r:serialno_prop:s0" dev="tmpfs" ino=7780 scontext=u:r:untrusted_app_27:s0:c512,c768 tcontext=u:object_r:serialno_prop:s0 tclass=file permissive=1
[   32.474003] type=1400 audit(1572251022.040:14): avc: denied { open } for pid=1006 comm="ckgroundService" path="/dev/__properties__/u:object_r:serialno_prop:s0" dev="tmpfs" ino=7780 scontext=u:r:untrusted_app_27:s0:c512,c768 tcontext=u:object_r:serialno_prop:s0 tclass=file permissive=1
[   32.474079] type=1400 audit(1572251022.040:15): avc: denied { getattr } for pid=1006 comm="ckgroundService" path="/dev/__properties__/u:object_r:serialno_prop:s0" dev="tmpfs" ino=7780 scontext=u:r:untrusted_app_27:s0:c512,c768 tcontext=u:object_r:serialno_prop:s0 tclass=file permissive=1
[   32.767776] type=1400 audit(1572251022.040:15): avc: denied { getattr } for pid=1006 comm="ckgroundService" path="/dev/__properties__/u:object_r:serialno_prop:s0" dev="tmpfs" ino=7780 scontext=u:r:untrusted_app_27:s0:c512,c768 tcontext=u:object_r:serialno_prop:s0 tclass=file permissive=1
[   32.767881] type=1400 audit(1572251022.333:16): avc: denied { read } for pid=1033 comm="info.tvlauncher" name="u:object_r:serialno_prop:s0" dev="tmpfs" ino=7780 scontext=u:r:untrusted_app_25:s0:c512,c768 tcontext=u:object_r:serialno_prop:s0 tclass=file permissive=1
[   32.768150] type=1400 audit(1572251022.333:16): avc: denied { read } for pid=1033 comm="info.tvlauncher" name="u:object_r:serialno_prop:s0" dev="tmpfs" ino=7780 scontext=u:r:untrusted_app_25:s0:c512,c768 tcontext=u:object_r:serialno_prop:s0 tclass=file permissive=1
[   32.768198] type=1400 audit(1572251022.333:17): avc: denied { open } for pid=1033 comm="info.tvlauncher" path="/dev/__properties__/u:object_r:serialno_prop:s0" dev="tmpfs" ino=7780 scontext=u:r:untrusted_app_25:s0:c512,c768 tcontext=u:object_r:serialno_prop:s0 tclass=file permissive=1
[   32.768418] type=1400 audit(1572251022.333:17): avc: denied { open } for pid=1033 comm="info.tvlauncher" path="/dev/__properties__/u:object_r:serialno_prop:s0" dev="tmpfs" ino=7780 scontext=u:r:untrusted_app_25:s0:c512,c768 tcontext=u:object_r:serialno_prop:s0 tclass=file permissive=1
[   32.768460] type=1400 audit(1572251022.333:18): avc: denied { getattr } for pid=1033 comm="info.tvlauncher" path="/dev/__properties__/u:object_r:serialno_prop:s0" dev="tmpfs" ino=7780 scontext=u:r:untrusted_app_25:s0:c512,c768 tcontext=u:object_r:serialno_prop:s0 tclass=file permissive=1
[   33.462322] selinux: avc:  denied  { set } for property=vendor.gmali.version pid=1033 uid=10056 gid=10056 scontext=u:r:untrusted_app_25:s0:c512,c768 tcontext=u:object_r:public_vendor_system_prop:s0 tclass=property_service permissive=1\x0a
[   33.464726] type=1400 audit(1572251022.333:18): avc: denied { getattr } for pid=1033 comm="info.tvlauncher" path="/dev/__properties__/u:object_r:serialno_prop:s0" dev="tmpfs" ino=7780 scontext=u:r:untrusted_app_25:s0:c512,c768 tcontext=u:object_r:serialno_prop:s0 tclass=file permissive=1
[   33.464888] type=1400 audit(1572251023.026:19): avc: denied { write } for pid=1033 comm="RenderThread" name="property_service" dev="tmpfs" ino=7809 scontext=u:r:untrusted_app_25:s0:c512,c768 tcontext=u:object_r:property_socket:s0 tclass=sock_file permissive=1
[   33.465217] type=1400 audit(1572251023.026:19): avc: denied { write } for pid=1033 comm="RenderThread" name="property_service" dev="tmpfs" ino=7809 scontext=u:r:untrusted_app_25:s0:c512,c768 tcontext=u:object_r:property_socket:s0 tclass=sock_file permissive=1
[   33.465301] type=1400 audit(1572251023.026:20): avc: denied { connectto } for pid=1033 comm="RenderThread" path="/dev/socket/property_service" scontext=u:r:untrusted_app_25:s0:c512,c768 tcontext=u:r:init:s0 tclass=unix_stream_socket permissive=1
[   38.009359] logd: logdr: UID=10075 GID=10075 PID=1313 b tail=0 logMask=19 pid=0 start=0ns timeout=0ns
[   38.931945] type=1400 audit(1572251023.026:20): avc: denied { connectto } for pid=1033 comm="RenderThread" path="/dev/socket/property_service" scontext=u:r:untrusted_app_25:s0:c512,c768 tcontext=u:r:init:s0 tclass=unix_stream_socket permissive=1
[   38.932052] type=1400 audit(1572251028.496:21): avc: denied { read } for pid=1357 comm="sayinfo.tv.aili" name="u:object_r:serialno_prop:s0" dev="tmpfs" ino=7780 scontext=u:r:untrusted_app_27:s0:c512,c768 tcontext=u:object_r:serialno_prop:s0 tclass=file permissive=1
[   38.932659] type=1400 audit(1572251028.496:21): avc: denied { read } for pid=1357 comm="sayinfo.tv.aili" name="u:object_r:serialno_prop:s0" dev="tmpfs" ino=7780 scontext=u:r:untrusted_app_27:s0:c512,c768 tcontext=u:object_r:serialno_prop:s0 tclass=file permissive=1
[   38.932770] type=1400 audit(1572251028.496:22): avc: denied { open } for pid=1357 comm="sayinfo.tv.aili" path="/dev/__properties__/u:object_r:serialno_prop:s0" dev="tmpfs" ino=7780 scontext=u:r:untrusted_app_27:s0:c512,c768 tcontext=u:object_r:serialno_prop:s0 tclass=file permissive=1
[   38.933063] type=1400 audit(1572251028.496:22): avc: denied { open } for pid=1357 comm="sayinfo.tv.aili" path="/dev/__properties__/u:object_r:serialno_prop:s0" dev="tmpfs" ino=7780 scontext=u:r:untrusted_app_27:s0:c512,c768 tcontext=u:object_r:serialno_prop:s0 tclass=file permissive=1
[   38.933130] type=1400 audit(1572251028.496:23): avc: denied { getattr } for pid=1357 comm="sayinfo.tv.aili" path="/dev/__properties__/u:object_r:serialno_prop:s0" dev="tmpfs" ino=7780 scontext=u:r:untrusted_app_27:s0:c512,c768 tcontext=u:object_r:serialno_prop:s0 tclass=file permissive=1
[   39.008658] type=1400 audit(1572251028.496:23): avc: denied { getattr } for pid=1357 comm="sayinfo.tv.aili" path="/dev/__properties__/u:object_r:serialno_prop:s0" dev="tmpfs" ino=7780 scontext=u:r:untrusted_app_27:s0:c512,c768 tcontext=u:object_r:serialno_prop:s0 tclass=file permissive=1
[   39.009038] type=1400 audit(1572251028.573:24): avc: denied { read } for pid=1083 comm=".update.service" name="u:object_r:serialno_prop:s0" dev="tmpfs" ino=7780 scontext=u:r:system_app:s0 tcontext=u:object_r:serialno_prop:s0 tclass=file permissive=1
[   39.019154] type=1400 audit(1572251028.573:24): avc: denied { read } for pid=1083 comm=".update.service" name="u:object_r:serialno_prop:s0" dev="tmpfs" ino=7780 scontext=u:r:system_app:s0 tcontext=u:object_r:serialno_prop:s0 tclass=file permissive=1
[   39.019231] type=1400 audit(1572251028.573:25): avc: denied { open } for pid=1083 comm=".update.service" path="/dev/__properties__/u:object_r:serialno_prop:s0" dev="tmpfs" ino=7780 scontext=u:r:system_app:s0 tcontext=u:object_r:serialno_prop:s0 tclass=file permissive=1
[   39.021007] type=1400 audit(1572251028.573:25): avc: denied { open } for pid=1083 comm=".update.service" path="/dev/__properties__/u:object_r:serialno_prop:s0" dev="tmpfs" ino=7780 scontext=u:r:system_app:s0 tcontext=u:object_r:serialno_prop:s0 tclass=file permissive=1
[   39.021080] type=1400 audit(1572251028.573:26): avc: denied { getattr } for pid=1083 comm=".update.service" path="/dev/__properties__/u:object_r:serialno_prop:s0" dev="tmpfs" ino=7780 scontext=u:r:system_app:s0 tcontext=u:object_r:serialno_prop:s0 tclass=file permissive=1
[   40.192768] selinux: avc:  denied  { set } for property=vendor.gmali.version pid=1357 uid=10030 gid=10030 scontext=u:r:untrusted_app_27:s0:c512,c768 tcontext=u:object_r:public_vendor_system_prop:s0 tclass=property_service permissive=1\x0a
[   40.192911] type=1400 audit(1572251028.573:26): avc: denied { getattr } for pid=1083 comm=".update.service" path="/dev/__properties__/u:object_r:serialno_prop:s0" dev="tmpfs" ino=7780 scontext=u:r:system_app:s0 tcontext=u:object_r:serialno_prop:s0 tclass=file permissive=1
[   40.192976] type=1400 audit(1572251029.756:27): avc: denied { write } for pid=1357 comm="RenderThread" name="property_service" dev="tmpfs" ino=7809 scontext=u:r:untrusted_app_27:s0:c512,c768 tcontext=u:object_r:property_socket:s0 tclass=sock_file permissive=1
[   40.193199] type=1400 audit(1572251029.756:27): avc: denied { write } for pid=1357 comm="RenderThread" name="property_service" dev="tmpfs" ino=7809 scontext=u:r:untrusted_app_27:s0:c512,c768 tcontext=u:object_r:property_socket:s0 tclass=sock_file permissive=1
[   40.193240] type=1400 audit(1572251029.756:28): avc: denied { connectto } for pid=1357 comm="RenderThread" path="/dev/socket/property_service" scontext=u:r:untrusted_app_27:s0:c512,c768 tcontext=u:r:init:s0 tclass=unix_stream_socket permissive=1
[   42.481286] clk_pdm_frac p_rate(600000000) is low than rate(40960000)*20, use integer or half-div
[   42.481313] type=1400 audit(1572251029.756:28): avc: denied { connectto } for pid=1357 comm="RenderThread" path="/dev/socket/property_service" scontext=u:r:untrusted_app_27:s0:c512,c768 tcontext=u:r:init:s0 tclass=unix_stream_socket permissive=1
[   42.481374] type=1400 audit(1572251032.046:29): avc: denied { read write } for pid=1357 comm="sayinfo.tv.aili" name="pcmC0D1c" dev="tmpfs" ino=7838 scontext=u:r:untrusted_app_27:s0:c512,c768 tcontext=u:object_r:audio_device:s0 tclass=chr_file permissive=1
[   42.481377] clk_pdm_frac p_rate(600000000) is low than rate(98304000)*20, use integer or half-div
[   42.481682] type=1400 audit(1572251032.046:29): avc: denied { read write } for pid=1357 comm="sayinfo.tv.aili" name="pcmC0D1c" dev="tmpfs" ino=7838 scontext=u:r:untrusted_app_27:s0:c512,c768 tcontext=u:object_r:audio_device:s0 tclass=chr_file permissive=1
[   42.481745] type=1400 audit(1572251032.046:30): avc: denied { open } for pid=1357 comm="sayinfo.tv.aili" path="/dev/snd/pcmC0D1c" dev="tmpfs" ino=7838 scontext=u:r:untrusted_app_27:s0:c512,c768 tcontext=u:object_r:audio_device:s0 tclass=chr_file permissive=1
[   42.482014] type=1400 audit(1572251032.046:30): avc: denied { open } for pid=1357 comm="sayinfo.tv.aili" path="/dev/snd/pcmC0D1c" dev="tmpfs" ino=7838 scontext=u:r:untrusted_app_27:s0:c512,c768 tcontext=u:object_r:audio_device:s0 tclass=chr_file permissive=1
[   42.482071] type=1400 audit(1572251032.046:31): avc: denied { ioctl } for pid=1357 comm="sayinfo.tv.aili" path="/dev/snd/pcmC0D1c" dev="tmpfs" ino=7838 ioctlcmd=4101 scontext=u:r:untrusted_app_27:s0:c512,c768 tcontext=u:object_r:audio_device:s0 tclass=chr_file permissive=1
[   42.545039] type=1400 audit(1572251032.046:31): avc: denied { ioctl } for pid=1357 comm="sayinfo.tv.aili" path="/dev/snd/pcmC0D1c" dev="tmpfs" ino=7838 ioctlcmd=4101 scontext=u:r:untrusted_app_27:s0:c512,c768 tcontext=u:object_r:audio_device:s0 tclass=chr_file permissive=1
[   42.545135] type=1400 audit(1572251032.110:32): avc: denied { read } for pid=1357 comm="sayinfo.tv.aili" name="address" dev="sysfs" ino=19123 scontext=u:r:untrusted_app_27:s0:c512,c768 tcontext=u:object_r:sysfs:s0 tclass=file permissive=1
[   42.545445] type=1400 audit(1572251032.110:32): avc: denied { read } for pid=1357 comm="sayinfo.tv.aili" name="address" dev="sysfs" ino=19123 scontext=u:r:untrusted_app_27:s0:c512,c768 tcontext=u:object_r:sysfs:s0 tclass=file permissive=1
[   42.545631] type=1400 audit(1572251032.110:33): avc: denied { open } for pid=1357 comm="sayinfo.tv.aili" path="/sys/devices/platform/ff380000.dwmmc/mmc_host/mmc1/mmc1:0001/mmc1:0001:1/net/wlan0/address" dev="sysfs" ino=19123 scontext=u:r:untrusted_app_27:s0:c512,c768 tcontext=u:object_r:sysfs:s0 tclass=file permissive=1
[   42.977092] RTW: nolinked power save enter
[   47.734351] type=1400 audit(1572251032.110:33): avc: denied { open } for pid=1357 comm="sayinfo.tv.aili" path="/sys/devices/platform/ff380000.dwmmc/mmc_host/mmc1/mmc1:0001/mmc1:0001:1/net/wlan0/address" dev="sysfs" ino=19123 scontext=u:r:untrusted_app_27:s0:c512,c768 tcontext=u:object_r:sysfs:s0 tclass=file permissive=1
[   47.734428] type=1400 audit(1572251037.300:34): avc: denied { getattr } for pid=1642 comm="mount" path="/mnt/vendor/metadata" dev="mmcblk2p13" ino=2 scontext=u:r:untrusted_app_25:s0:c512,c768 tcontext=u:object_r:vendor_metadata:s0 tclass=dir permissive=1
[   47.739374] type=1400 audit(1572251037.300:34): avc: denied { getattr } for pid=1642 comm="mount" path="/mnt/vendor/metadata" dev="mmcblk2p13" ino=2 scontext=u:r:untrusted_app_25:s0:c512,c768 tcontext=u:object_r:vendor_metadata:s0 tclass=dir permissive=1
[   47.739441] type=1400 audit(1572251037.300:35): avc: denied { read } for pid=1642 comm="mount" name="/" dev="tmpfs" ino=11309 scontext=u:r:untrusted_app_25:s0:c512,c768 tcontext=u:object_r:device:s0 tclass=dir permissive=1
[   47.739671] type=1400 audit(1572251037.300:35): avc: denied { read } for pid=1642 comm="mount" name="/" dev="tmpfs" ino=11309 scontext=u:r:untrusted_app_25:s0:c512,c768 tcontext=u:object_r:device:s0 tclass=dir permissive=1
[   47.739716] type=1400 audit(1572251037.300:36): avc: denied { open } for pid=1642 comm="mount" path="/dev" dev="tmpfs" ino=11309 scontext=u:r:untrusted_app_25:s0:c512,c768 tcontext=u:object_r:device:s0 tclass=dir permissive=1
[   47.739919] type=1400 audit(1572251037.300:36): avc: denied { open } for pid=1642 comm="mount" path="/dev" dev="tmpfs" ino=11309 scontext=u:r:untrusted_app_25:s0:c512,c768 tcontext=u:object_r:device:s0 tclass=dir permissive=1
[   47.739965] type=1400 audit(1572251037.300:37): avc: denied { read } for pid=1642 comm="mount" name="/" dev="sysfs" ino=1 scontext=u:r:untrusted_app_25:s0:c512,c768 tcontext=u:object_r:sysfs:s0 tclass=dir permissive=1
[   47.745254] audit: audit_lost=1 audit_rate_limit=5 audit_backlog_limit=64
[   47.745279] audit: rate limit exceeded
[   47.753668] type=1400 audit(1572251037.300:37): avc: denied { read } for pid=1642 comm="mount" name="/" dev="sysfs" ino=1 scontext=u:r:untrusted_app_25:s0:c512,c768 tcontext=u:object_r:sysfs:s0 tclass=dir permissive=1
[   47.754682] type=1400 audit(1572251037.310:38): avc: denied { open } for pid=1642 comm="mount" path="/sys" dev="sysfs" ino=1 scontext=u:r:untrusted_app_25:s0:c512,c768 tcontext=u:object_r:sysfs:s0 tclass=dir permissive=1
[   47.760661] type=1400 audit(1572251037.310:38): avc: denied { open } for pid=1642 comm="mount" path="/sys" dev="sysfs" ino=1 scontext=u:r:untrusted_app_25:s0:c512,c768 tcontext=u:object_r:sysfs:s0 tclass=dir permissive=1
[   47.760727] type=1400 audit(1572251037.310:39): avc: denied { read } for pid=1642 comm="mount" name="/" dev="debugfs" ino=1 scontext=u:r:untrusted_app_25:s0:c512,c768 tcontext=u:object_r:debugfs:s0 tclass=dir permissive=1
[   47.760933] type=1400 audit(1572251037.310:39): avc: denied { read } for pid=1642 comm="mount" name="/" dev="debugfs" ino=1 scontext=u:r:untrusted_app_25:s0:c512,c768 tcontext=u:object_r:debugfs:s0 tclass=dir permissive=1
[   47.760969] type=1400 audit(1572251037.310:40): avc: denied { open } for pid=1642 comm="mount" path="/sys/kernel/debug" dev="debugfs" ino=1 scontext=u:r:untrusted_app_25:s0:c512,c768 tcontext=u:object_r:debugfs:s0 tclass=dir permissive=1
[   47.761148] type=1400 audit(1572251037.310:40): avc: denied { open } for pid=1642 comm="mount" path="/sys/kernel/debug" dev="debugfs" ino=1 scontext=u:r:untrusted_app_25:s0:c512,c768 tcontext=u:object_r:debugfs:s0 tclass=dir permissive=1
[   47.761191] type=1400 audit(1572251037.310:41): avc: denied { read } for pid=1642 comm="mount" name="block" dev="tmpfs" ino=11319 scontext=u:r:untrusted_app_25:s0:c512,c768 tcontext=u:object_r:block_device:s0 tclass=dir permissive=1
[   50.216945] RTW: wlan0- hw port(0) mac_addr =e4:f3:e8:d8:8e:dd
[   50.217270] RTW: p2p0- hw port(1) mac_addr =e6:f3:e8:d8:8e:dd
[   50.219700] RTW: nolinked power save leave
[   51.630275] RTW: nolinked power save enter
[   63.005876] rk817_playback_path_put : set playback_path 2, pre_path 0
[   63.005910] rk817_codec_power_up : power up playback  
[   63.015731] rk817_set_dai_sysclk : MCLK = 12288000Hz
[   63.015934] rk817_hw_params : MCLK = 12288000Hz, sample rate = 48000Hz
[   63.017098] rk817_digital_mute 0
[   63.017611] rk817_codec_ctl_gpio set spk clt 1
[   66.420197] healthd: battery l=100 v=8424 t=18.8 h=2 st=5 c=7 fc=2800000 chg=u
[   66.776259] healthd: battery l=100 v=8424 t=18.8 h=2 st=5 c=7 fc=2800000 chg=u
[   67.388612] rk817_digital_mute 1
[   67.391216] rk817_codec_ctl_gpio set spk clt 0
[   67.395985] rk817_playback_path_put : set playback_path 0, pre_path 2
[   67.396039] rk817_codec_power_down : power down playback  
[   67.399393] rk817_codec_power_down : power down playback capture incall
[   67.556917] type=1400 audit(1572251037.310:41): avc: denied { read } for pid=1642 comm="mount" name="block" dev="tmpfs" ino=11319 scontext=u:r:untrusted_app_25:s0:c512,c768 tcontext=u:object_r:block_device:s0 tclass=dir permissive=1
[   67.556991] type=1400 audit(1572251057.123:47): avc: denied { read } for pid=1828 comm="cat" name="address" dev="sysfs" ino=19123 scontext=u:r:untrusted_app_25:s0:c512,c768 tcontext=u:object_r:sysfs:s0 tclass=file permissive=1
[   67.557863] type=1400 audit(1572251057.123:47): avc: denied { read } for pid=1828 comm="cat" name="address" dev="sysfs" ino=19123 scontext=u:r:untrusted_app_25:s0:c512,c768 tcontext=u:object_r:sysfs:s0 tclass=file permissive=1
[   67.557927] type=1400 audit(1572251057.123:48): avc: denied { open } for pid=1828 comm="cat" path="/sys/devices/platform/ff380000.dwmmc/mmc_host/mmc1/mmc1:0001/mmc1:0001:1/net/wlan0/address" dev="sysfs" ino=19123 scontext=u:r:untrusted_app_25:s0:c512,c768 tcontext=u:object_r:sysfs:s0 tclass=file permissive=1
[   67.876933] type=1400 audit(1572251057.123:48): avc: denied { open } for pid=1828 comm="cat" path="/sys/devices/platform/ff380000.dwmmc/mmc_host/mmc1/mmc1:0001/mmc1:0001:1/net/wlan0/address" dev="sysfs" ino=19123 scontext=u:r:untrusted_app_25:s0:c512,c768 tcontext=u:object_r:sysfs:s0 tclass=file permissive=1
[   67.876996] type=1400 audit(1572251057.443:49): avc: denied { getattr } for pid=1841 comm="ls" path="/system/xbin/su" dev="mmcblk2p12" ino=2934 scontext=u:r:untrusted_app_25:s0:c512,c768 tcontext=u:object_r:su_exec:s0 tclass=file permissive=1
[   67.921658] type=1400 audit(1572251057.443:49): avc: denied { getattr } for pid=1841 comm="ls" path="/system/xbin/su" dev="mmcblk2p12" ino=2934 scontext=u:r:untrusted_app_25:s0:c512,c768 tcontext=u:object_r:su_exec:s0 tclass=file permissive=1
[   67.921719] type=1400 audit(1572251057.486:50): avc: denied { read } for pid=1169 comm=4173796E635461736B202331 name="power_supply" dev="sysfs" ino=7026 scontext=u:r:untrusted_app_25:s0:c512,c768 tcontext=u:object_r:sysfs:s0 tclass=dir permissive=1
[   67.922307] type=1400 audit(1572251057.486:50): avc: denied { read } for pid=1169 comm=4173796E635461736B202331 name="power_supply" dev="sysfs" ino=7026 scontext=u:r:untrusted_app_25:s0:c512,c768 tcontext=u:object_r:sysfs:s0 tclass=dir permissive=1
[   67.922376] type=1400 audit(1572251057.486:51): avc: denied { open } for pid=1169 comm=4173796E635461736B202331 path="/sys/class/power_supply" dev="sysfs" ino=7026 scontext=u:r:untrusted_app_25:s0:c512,c768 tcontext=u:object_r:sysfs:s0 tclass=dir permissive=1
[   79.533167] rk817_playback_path_put : set playback_path 2, pre_path 0
[   79.533214] rk817_codec_power_up : power up playback  
[   79.543066] rk817_set_dai_sysclk : MCLK = 12288000Hz
[   79.543095] rk817_hw_params : MCLK = 12288000Hz, sample rate = 48000Hz
[   79.544360] rk817_digital_mute 0
[   79.544921] rk817_codec_ctl_gpio set spk clt 1
[   79.913548] RTW: wlan0- hw port(0) mac_addr =e4:f3:e8:d8:8e:dd
[   79.913967] RTW: p2p0- hw port(1) mac_addr =e6:f3:e8:d8:8e:dd
[   79.916689] RTW: nolinked power save leave
[   81.269704] RTW: rtw_set_802_11_connect(wlan0)  fw_state=0x00000000
[   81.625663] RTW: start auth
[   81.631434] RTW: auth success, start assoc
[   81.637213] RTW: assoc success
[   81.641315] ============ STA [00:5c:c2:29:32:89]  ===================
[   81.641352] mac_id : 0
[   81.641371] wireless_mode : 0x0b
[   81.641388] mimo_type : 0
[   81.641408] bw_mode : 40MHz, ra_bw_mode : 40MHz
[   81.641425] rate_id : 1
[   81.641444] rssi : -1 (%), rssi_level : 0
[   81.641462] is_support_sgi : Y, is_vht_enable : N
[   81.641480] disable_ra : N, disable_pt : N
[   81.641496] is_noisy : N
[   81.641513] txrx_state : 0
[   81.641530] curr_tx_rate : CCK_1M (L)
[   81.641547] curr_tx_bw : 20MHz
[   81.641563] curr_retry_ratio : 0
[   81.641581] ra_mask : 0x00000000000fffff
[   81.779819] RTW: recv eapol packet
[   81.782597] RTW: send eapol packet
[   81.796370] RTW: recv eapol packet
[   81.797003] RTW: send eapol packet
[   81.797417] RTW: set pairwise key camid:0, addr:00:5c:c2:29:32:89, kid:0, type:AES
[   81.799383] RTW: set group key camid:1, addr:00:5c:c2:29:32:89, kid:1, type:AES
[   82.098049] type=1400 audit(1572251057.486:51): avc: denied { open } for pid=1169 comm=4173796E635461736B202331 path="/sys/class/power_supply" dev="sysfs" ino=7026 scontext=u:r:untrusted_app_25:s0:c512,c768 tcontext=u:object_r:sysfs:s0 tclass=dir permissive=1
[   82.098137] type=1400 audit(1572251071.663:52): avc: denied { ioctl } for pid=1357 comm="RecordTask" path="/dev/snd/pcmC0D1c" dev="tmpfs" ino=7838 ioctlcmd=4151 scontext=u:r:untrusted_app_27:s0:c512,c768 tcontext=u:object_r:audio_device:s0 tclass=chr_file permissive=1
[   82.738446] rk817_digital_mute 1
[   82.739377] rk817_codec_ctl_gpio set spk clt 0
[   82.742528] rk817_playback_path_put : set playback_path 0, pre_path 2
[   82.742560] rk817_codec_power_down : power down playback  
[   82.746021] rk817_codec_power_down : power down playback capture incall
[   83.421756] init: processing action (sys.sysctl.tcp_def_init_rwnd=*) from (/init.rc:729)
[   85.996162] rk817_playback_path_put : set playback_path 2, pre_path 0
[   85.996202] rk817_codec_power_up : power up playback  
[   86.005712] rk817_set_dai_sysclk : MCLK = 12288000Hz
[   86.005736] rk817_hw_params : MCLK = 12288000Hz, sample rate = 48000Hz
[   86.006866] rk817_digital_mute 0
[   86.007383] rk817_codec_ctl_gpio set spk clt 1
[   88.725892] type=1400 audit(1572251071.663:52): avc: denied { ioctl } for pid=1357 comm="RecordTask" path="/dev/snd/pcmC0D1c" dev="tmpfs" ino=7838 ioctlcmd=4151 scontext=u:r:untrusted_app_27:s0:c512,c768 tcontext=u:object_r:audio_device:s0 tclass=chr_file permissive=1
[   88.725984] type=1400 audit(1786622845.064:53): avc: denied { create } for pid=374 comm="Binder:374_2" name="ec933180.txt" scontext=u:r:mediaserver:s0 tcontext=u:object_r:system_data_file:s0 tclass=file permissive=1
[   88.726600] type=1400 audit(1786622845.064:53): avc: denied { create } for pid=374 comm="Binder:374_2" name="ec933180.txt" scontext=u:r:mediaserver:s0 tcontext=u:object_r:system_data_file:s0 tclass=file permissive=1
[   88.726667] type=1400 audit(1786622845.064:54): avc: denied { write } for pid=374 comm="Binder:374_2" path="/data/rk_ext_subtitle/ec933180/ec933180.txt" dev="dm-0" ino=3769 scontext=u:r:mediaserver:s0 tcontext=u:object_r:system_data_file:s0 tclass=file permissive=1
[   88.726964] type=1400 audit(1786622845.064:54): avc: denied { write } for pid=374 comm="Binder:374_2" path="/data/rk_ext_subtitle/ec933180/ec933180.txt" dev="dm-0" ino=3769 scontext=u:r:mediaserver:s0 tcontext=u:object_r:system_data_file:s0 tclass=file permissive=1
[   88.727024] type=1400 audit(1786622845.064:55): avc: denied { unlink } for pid=374 comm="Binder:374_2" name="ec933180.txt" dev="dm-0" ino=3769 scontext=u:r:mediaserver:s0 tcontext=u:object_r:system_data_file:s0 tclass=file permissive=1
[   88.828895] type=1400 audit(1786622845.064:55): avc: denied { unlink } for pid=374 comm="Binder:374_2" name="ec933180.txt" dev="dm-0" ino=3769 scontext=u:r:mediaserver:s0 tcontext=u:object_r:system_data_file:s0 tclass=file permissive=1
[   88.833138] type=1400 audit(1786622845.164:56): avc: denied { getattr } for pid=374 comm="RkMsgQueue" path="/data/trace_thread.log" dev="dm-0" ino=2177 scontext=u:r:mediaserver:s0 tcontext=u:object_r:system_data_file:s0 tclass=file permissive=1
[   89.205598] rk817_digital_mute 1
[   89.208024] rk817_codec_ctl_gpio set spk clt 0
[   89.210216] rk817_playback_path_put : set playback_path 0, pre_path 2
[   89.210252] rk817_codec_power_down : power down playback  
[   89.213683] rk817_codec_power_down : power down playback capture incall
[  110.885938] dw-mipi-dsi ff450000.dsi: final DSI-Link bandwidth: 498 x 4 Mbps
[  111.509589] rockchip-vop ff460000.vop: [drm:vop_crtc_enable] Update mode to 1024x600p93, type: 16
[  111.509871] dw-mipi-dsi ff450000.dsi: final DSI-Link bandwidth: 498 x 4 Mbps
[  114.722251] PM: suspend entry 2026-08-13 12:07:51.062818222 UTC
[  114.722276] PM: Syncing filesystems ... done.
[  114.742264] PM: Preparing system for sleep (mem)
[  114.742634] Freezing user space processes ... (elapsed 0.003 seconds) done.
[  114.745845] Freezing remaining freezable tasks ... 
[  114.945543] PM: Wakeup pending, aborting suspend
[  114.945576] active wakeup source: event0
[  114.945597] 
[  114.945605] Freezing of tasks aborted after 0.199 seconds
[  114.945613] Restarting kernel threads ... done.
[  114.946363] Restarting tasks ... done.
[  114.948199] PM: suspend exit 2026-08-13 12:07:51.288761620 UTC
[  115.119327] rockchip-vop ff460000.vop: [drm:vop_crtc_enable] Update mode to 1024x600p93, type: 16
[  115.119547] dw-mipi-dsi ff450000.dsi: final DSI-Link bandwidth: 498 x 4 Mbps
[  122.869191] type=1400 audit(1786622845.164:56): avc: denied { getattr } for pid=374 comm="RkMsgQueue" path="/data/trace_thread.log" dev="dm-0" ino=2177 scontext=u:r:mediaserver:s0 tcontext=u:object_r:system_data_file:s0 tclass=file permissive=1
[  122.869297] type=1400 audit(1786622879.204:57): avc: denied { ioctl } for pid=1357 comm="RecordTask" path="/dev/snd/pcmC0D1c" dev="tmpfs" ino=7838 ioctlcmd=4151 scontext=u:r:untrusted_app_27:s0:c512,c768 tcontext=u:object_r:audio_device:s0 tclass=chr_file permissive=1
[  124.217928] type=1400 audit(1786622879.204:57): avc: denied { ioctl } for pid=1357 comm="RecordTask" path="/dev/snd/pcmC0D1c" dev="tmpfs" ino=7838 ioctlcmd=4151 scontext=u:r:untrusted_app_27:s0:c512,c768 tcontext=u:object_r:audio_device:s0 tclass=chr_file permissive=1
[  124.218013] type=1400 audit(1786622880.554:58): avc: denied { write } for pid=374 comm="RkMsgQueue" name="trace_thread.log" dev="dm-0" ino=2177 scontext=u:r:mediaserver:s0 tcontext=u:object_r:system_data_file:s0 tclass=file permissive=1
[  124.225238] type=1400 audit(1786622880.554:58): avc: denied { write } for pid=374 comm="RkMsgQueue" name="trace_thread.log" dev="dm-0" ino=2177 scontext=u:r:mediaserver:s0 tcontext=u:object_r:system_data_file:s0 tclass=file permissive=1
[  124.225304] type=1400 audit(1786622880.554:59): avc: denied { getattr } for pid=374 comm="RkMsgQueue" path="/data/trace_thread.log" dev="dm-0" ino=2177 scontext=u:r:mediaserver:s0 tcontext=u:object_r:system_data_file:s0 tclass=file permissive=1
[  124.226886] lowmemorykiller: Killing 'd.process.acore' (1306) (tgid 1306), adj 906,\x0a   to free 83472kB on behalf of 'kswapd0' (56) because\x0a   cache 319816kB is below limit 322560kB for oom_score_adj 906\x0a   Free memory is 5464kB above reserved
[  124.227111] lowmemorykiller: Killing 'Jit thread pool' (1312) (tgid 1306), adj 906,\x0a   to free 83520kB on behalf of 'kswapd0' (56) because\x0a   cache 319844kB is below limit 322560kB for oom_score_adj 906\x0a   Free memory is 5352kB above reserved
[  124.351896] type=1400 audit(1786622880.554:59): avc: denied { getattr } for pid=374 comm="RkMsgQueue" path="/data/trace_thread.log" dev="dm-0" ino=2177 scontext=u:r:mediaserver:s0 tcontext=u:object_r:system_data_file:s0 tclass=file permissive=1
[  124.352136] type=1400 audit(1786622880.688:60): avc: denied { create } for pid=374 comm="mediaserver" name="ec933780.txt" scontext=u:r:mediaserver:s0 tcontext=u:object_r:system_data_file:s0 tclass=file permissive=1
[  124.352743] type=1400 audit(1786622880.688:60): avc: denied { create } for pid=374 comm="mediaserver" name="ec933780.txt" scontext=u:r:mediaserver:s0 tcontext=u:object_r:system_data_file:s0 tclass=file permissive=1
[  124.352815] type=1400 audit(1786622880.688:61): avc: denied { unlink } for pid=374 comm="mediaserver" name="ec933780.txt" dev="dm-0" ino=3832 scontext=u:r:mediaserver:s0 tcontext=u:object_r:system_data_file:s0 tclass=file permissive=1
[  126.416762] healthd: battery l=100 v=8424 t=18.8 h=2 st=5 c=11 fc=2800000 chg=u
[  126.729750] tmp1=00008e00,buf[0]=00,buf[1]=8e,buf[2]=00,buf[3]=00
[  126.774191] healthd: battery l=100 v=8424 t=18.8 h=2 st=5 c=11 fc=2800000 chg=u
[  128.216095] rk817_playback_path_put : set playback_path 2, pre_path 0
[  128.216137] rk817_codec_power_up : power up playback  
[  128.225574] rk817_set_dai_sysclk : MCLK = 12288000Hz
[  128.225601] rk817_hw_params : MCLK = 12288000Hz, sample rate = 48000Hz
[  128.226811] rk817_digital_mute 0
[  128.227383] rk817_codec_ctl_gpio set spk clt 1
[  129.061813] type=1400 audit(1786622880.688:61): avc: denied { unlink } for pid=374 comm="mediaserver" name="ec933780.txt" dev="dm-0" ino=3832 scontext=u:r:mediaserver:s0 tcontext=u:object_r:system_data_file:s0 tclass=file permissive=1
[  129.061898] type=1400 audit(1786622885.341:62): avc: denied { ioctl } for pid=1357 comm="RecordTask" path="/dev/snd/pcmC0D1c" dev="tmpfs" ino=7838 ioctlcmd=4151 scontext=u:r:untrusted_app_27:s0:c512,c768 tcontext=u:object_r:audio_device:s0 tclass=chr_file permissive=1
[  132.127571] rk817_digital_mute 1
[  132.128496] rk817_codec_ctl_gpio set spk clt 0
[  132.129437] rk817_playback_path_put : set playback_path 0, pre_path 2
[  132.129473] rk817_codec_power_down : power down playback  
[  132.132625] rk817_codec_power_down : power down playback capture incall
[  141.848152] rk817_playback_path_put : set playback_path 2, pre_path 0
[  141.848191] rk817_codec_power_up : power up playback  
[  141.858093] rk817_set_dai_sysclk : MCLK = 12288000Hz
[  141.858125] rk817_hw_params : MCLK = 12288000Hz, sample rate = 48000Hz
[  141.859685] rk817_digital_mute 0
[  141.860246] rk817_codec_ctl_gpio set spk clt 1
[  143.271345] lowmemorykiller: Killing 'id.printspooler' (1068) (tgid 1068), adj 906,\x0a   to free 61588kB on behalf of 'kswapd0' (56) because\x0a   cache 309020kB is below limit 322560kB for oom_score_adj 906\x0a   Free memory is 1284kB above reserved
[  143.287524] lowmemorykiller: Killing 'Jit thread pool' (1073) (tgid 1068), adj 906,\x0a   to free 61604kB on behalf of 'kswapd0' (56) because\x0a   cache 309016kB is below limit 322560kB for oom_score_adj 906\x0a   Free memory is 1284kB above reserved
[  145.038766] rk817_digital_mute 1
[  145.039663] rk817_codec_ctl_gpio set spk clt 0
[  145.042425] rk817_playback_path_put : set playback_path 0, pre_path 2
[  145.042448] rk817_codec_power_down : power down playback  
[  145.045429] rk817_codec_power_down : power down playback capture incall
[  146.183209] rk817_playback_path_put : set playback_path 2, pre_path 0
[  146.183249] rk817_codec_power_up : power up playback  
[  146.193329] rk817_set_dai_sysclk : MCLK = 12288000Hz
[  146.193358] rk817_hw_params : MCLK = 12288000Hz, sample rate = 48000Hz
[  146.194564] rk817_digital_mute 0
[  146.195110] rk817_codec_ctl_gpio set spk clt 1
[  146.297078] lowmemorykiller: Killing 'ndroid.contacts' (1414) (tgid 1414), adj 906,\x0a   to free 62432kB on behalf of 'kswapd0' (56) because\x0a   cache 300796kB is below limit 322560kB for oom_score_adj 906\x0a   Free memory is 1692kB above reserved
[  149.151457] lowmemorykiller: Killing 'gedprovisioning' (1505) (tgid 1505), adj 906,\x0a   to free 60008kB on behalf of 'kswapd0' (56) because\x0a   cache 295936kB is below limit 322560kB for oom_score_adj 906\x0a   Free memory is 13392kB above reserved
[  149.151632] lowmemorykiller: Killing 'ADB-JDWP Connec' (1512) (tgid 1505), adj 906,\x0a   to free 61252kB on behalf of 'kswapd0' (56) because\x0a   cache 295936kB is below limit 322560kB for oom_score_adj 906\x0a   Free memory is 13392kB above reserved
[  149.151789] lowmemorykiller: Killing 'ReferenceQueueD' (1514) (tgid 1505), adj 906,\x0a   to free 61256kB on behalf of 'kswapd0' (56) because\x0a   cache 295936kB is below limit 322560kB for oom_score_adj 906\x0a   Free memory is 13392kB above reserved
[  149.152019] lowmemorykiller: Killing 'FinalizerDaemon' (1515) (tgid 1505), adj 906,\x0a   to free 62372kB on behalf of 'kswapd0' (56) because\x0a   cache 295936kB is below limit 322560kB for oom_score_adj 906\x0a   Free memory is 13392kB above reserved
[  151.385051] rk817_digital_mute 1
[  151.385901] rk817_codec_ctl_gpio set spk clt 0
[  151.389067] rk817_playback_path_put : set playback_path 0, pre_path 2
[  151.389092] rk817_codec_power_down : power down playback  
[  151.392468] rk817_codec_power_down : power down playback capture incall
[  154.398129] rk817_playback_path_put : set playback_path 2, pre_path 0
[  154.398163] rk817_codec_power_up : power up playback  
[  154.407519] rk817_set_dai_sysclk : MCLK = 12288000Hz
[  154.407547] rk817_hw_params : MCLK = 12288000Hz, sample rate = 48000Hz
[  154.408690] rk817_digital_mute 0
[  154.409218] rk817_codec_ctl_gpio set spk clt 1
[  160.412873] rk817_digital_mute 1
[  160.413755] rk817_codec_ctl_gpio set spk clt 0
[  160.415847] rk817_playback_path_put : set playback_path 0, pre_path 2
[  160.415881] rk817_codec_power_down : power down playback  
[  160.419359] rk817_codec_power_down : power down playback capture incall
[  160.757900] rk817_playback_path_put : set playback_path 2, pre_path 0
[  160.757937] rk817_codec_power_up : power up playback  
[  160.768065] rk817_set_dai_sysclk : MCLK = 12288000Hz
[  160.768093] rk817_hw_params : MCLK = 12288000Hz, sample rate = 48000Hz
[  160.777875] rk817_digital_mute 0
[  160.778440] rk817_codec_ctl_gpio set spk clt 1
[  161.227655] lowmemorykiller: Killing 'timeinitializer' (1524) (tgid 1524), adj 906,\x0a   to free 60636kB on behalf of 'kswapd0' (56) because\x0a   cache 299960kB is below limit 322560kB for oom_score_adj 906\x0a   Free memory is 2800kB above reserved
[  161.252566] lowmemorykiller: Killing 'ackageinstaller' (1545) (tgid 1545), adj 906,\x0a   to free 60024kB on behalf of 'kswapd0' (56) because\x0a   cache 298768kB is below limit 322560kB for oom_score_adj 906\x0a   Free memory is 4016kB above reserved
[  170.578209] lowmemorykiller: Killing 'android.traceur' (1576) (tgid 1576), adj 906,\x0a   to free 64828kB on behalf of 'kswapd0' (56) because\x0a   cache 316492kB is below limit 322560kB for oom_score_adj 906\x0a   Free memory is 3152kB above reserved
[  172.634284] rk817_digital_mute 1
[  172.635396] rk817_codec_ctl_gpio set spk clt 0
[  172.636192] rk817_playback_path_put : set playback_path 0, pre_path 2
[  172.636230] rk817_codec_power_down : power down playback  
[  172.639568] rk817_codec_power_down : power down playback capture incall
[  184.929645] rk817_playback_path_put : set playback_path 2, pre_path 0
[  184.929687] rk817_codec_power_up : power up playback  
[  184.939463] rk817_set_dai_sysclk : MCLK = 12288000Hz
[  184.939492] rk817_hw_params : MCLK = 12288000Hz, sample rate = 48000Hz
[  184.941898] rk817_digital_mute 0
[  184.942456] rk817_codec_ctl_gpio set spk clt 1
[  186.418267] healthd: battery l=100 v=8416 t=18.8 h=2 st=5 c=8 fc=2800000 chg=u
[  186.775813] healthd: battery l=100 v=8416 t=18.8 h=2 st=5 c=8 fc=2800000 chg=u
[  189.921317] rk817_digital_mute 1
[  189.922240] rk817_codec_ctl_gpio set spk clt 0
[  189.926291] rk817_playback_path_put : set playback_path 0, pre_path 2
[  189.926329] rk817_codec_power_down : power down playback  
[  189.930159] rk817_codec_power_down : power down playback capture incall
[  191.053736] rk817_playback_path_put : set playback_path 2, pre_path 0
[  191.053780] rk817_codec_power_up : power up playback  
[  191.063948] rk817_set_dai_sysclk : MCLK = 12288000Hz
[  191.063979] rk817_hw_params : MCLK = 12288000Hz, sample rate = 48000Hz
[  191.066014] rk817_digital_mute 0
[  191.066586] rk817_codec_ctl_gpio set spk clt 1
[  194.286386] rk817_digital_mute 1
[  194.287376] rk817_codec_ctl_gpio set spk clt 0
[  194.289352] rk817_playback_path_put : set playback_path 0, pre_path 2
[  194.289405] rk817_codec_power_down : power down playback  
[  194.292863] rk817_codec_power_down : power down playback capture incall
[  224.431827] rk817_playback_path_put : set playback_path 2, pre_path 0
[  224.431866] rk817_codec_power_up : power up playback  
[  224.441695] rk817_set_dai_sysclk : MCLK = 12288000Hz
[  224.441728] rk817_hw_params : MCLK = 12288000Hz, sample rate = 48000Hz
[  224.443085] rk817_digital_mute 0
[  224.443632] rk817_codec_ctl_gpio set spk clt 1
[  230.233897] rk817_digital_mute 1
[  230.234779] rk817_codec_ctl_gpio set spk clt 0
[  230.235799] rk817_playback_path_put : set playback_path 0, pre_path 2
[  230.235834] rk817_codec_power_down : power down playback  
[  230.239681] rk817_codec_power_down : power down playback capture incall
[  232.476952] rk817_playback_path_put : set playback_path 2, pre_path 0
[  232.476990] rk817_codec_power_up : power up playback  
[  232.487112] rk817_set_dai_sysclk : MCLK = 12288000Hz
[  232.487140] rk817_hw_params : MCLK = 12288000Hz, sample rate = 48000Hz
[  232.488899] rk817_digital_mute 0
[  232.489459] rk817_codec_ctl_gpio set spk clt 1
[  239.667736] rk817_digital_mute 1
[  239.668573] rk817_codec_ctl_gpio set spk clt 0
[  239.669097] rk817_playback_path_put : set playback_path 0, pre_path 2
[  239.669123] rk817_codec_power_down : power down playback  
[  239.672072] rk817_codec_power_down : power down playback capture incall
[  246.417443] healthd: battery l=100 v=8416 t=18.8 h=2 st=5 c=9 fc=2800000 chg=u
[  246.772620] healthd: battery l=100 v=8416 t=18.8 h=2 st=5 c=9 fc=2800000 chg=u
[  306.418535] healthd: battery l=100 v=8424 t=18.8 h=2 st=5 c=12 fc=2800000 chg=u
[  306.772612] healthd: battery l=100 v=8424 t=18.8 h=2 st=5 c=12 fc=2800000 chg=u
[  366.416668] healthd: battery l=100 v=8416 t=18.8 h=2 st=5 c=9 fc=2800000 chg=u
[  366.773707] healthd: battery l=100 v=8416 t=18.8 h=2 st=5 c=9 fc=2800000 chg=u
[  406.268218] phy phy-ff2c0000.syscon:usb2-phy@100.1: charger = USB_SDP_CHARGER
[  406.466942] dwc2 ff300000.usb: new device is high-speed
[  406.552926] dwc2 ff300000.usb: new device is high-speed
[  406.604212] dwc2 ff300000.usb: new address 8
[  406.615605] android_work: sent uevent USB_STATE=CONNECTED
[  406.617133] configfs-gadget gadget: high-speed config #1: b
[  406.618838] android_work: sent uevent USB_STATE=CONFIGURED
[  414.518215] type=1400 audit(1786623086.558:63): avc: denied { ioctl } for pid=1357 comm="RecordTask" path="/dev/snd/pcmC0D1c" dev="tmpfs" ino=7838 ioctlcmd=4151 scontext=u:r:untrusted_app_27:s0:c512,c768 tcontext=u:object_r:audio_device:s0 tclass=chr_file permissive=1
[  414.518308] type=1400 audit(1786623170.854:64): avc: denied { getattr } for pid=2280 comm="ls" path="/init.zygote64_32.rc" dev="mmcblk2p12" ino=13 scontext=u:r:shell:s0 tcontext=u:object_r:rootfs:s0 tclass=file permissive=1
[  426.418638] healthd: battery l=100 v=8424 t=18.8 h=2 st=5 c=11 fc=2800000 chg=u
[  426.773625] healthd: battery l=100 v=8424 t=18.8 h=2 st=5 c=11 fc=2800000 chg=u
[  474.919983] type=1400 audit(1786623170.854:64): avc: denied { getattr } for pid=2280 comm="ls" path="/init.zygote64_32.rc" dev="mmcblk2p12" ino=13 scontext=u:r:shell:s0 tcontext=u:object_r:rootfs:s0 tclass=file permissive=1
[  474.920103] type=1400 audit(1786623231.254:65): avc: denied { syslog_read } for pid=2303 comm="dmesg" scontext=u:r:shell:s0 tcontext=u:r:kernel:s0 tclass=system permissive=1
[  486.418280] healthd: battery l=100 v=8416 t=18.8 h=2 st=5 c=11 fc=2800000 chg=u
[  486.773567] healthd: battery l=100 v=8416 t=18.8 h=2 st=5 c=11 fc=2800000 chg=u
[  546.418614] healthd: battery l=100 v=8408 t=18.8 h=2 st=5 c=12 fc=2800000 chg=u
[  546.774333] healthd: battery l=100 v=8408 t=18.8 h=2 st=5 c=12 fc=2800000 chg=u
[  606.418421] healthd: battery l=100 v=8408 t=18.8 h=2 st=5 c=12 fc=2800000 chg=u
[  606.774332] healthd: battery l=100 v=8408 t=18.8 h=2 st=5 c=12 fc=2800000 chg=u
[  666.423698] healthd: battery l=100 v=8408 t=18.8 h=2 st=5 c=12 fc=2800000 chg=u
[  666.774403] healthd: battery l=100 v=8408 t=18.8 h=2 st=5 c=12 fc=2800000 chg=u
[  676.716835] RTW: ERROR rtw_cpwm_polling: polling cpwm timeout! poll_cnt=159, cpwm_orig=00, cpwm_now=00
[  726.416777] healthd: battery l=100 v=8408 t=18.8 h=2 st=5 c=13 fc=2800000 chg=u
[  726.773526] healthd: battery l=100 v=8408 t=18.8 h=2 st=5 c=13 fc=2800000 chg=u
[  742.263188] type=1400 audit(1786623231.254:65): avc: denied { syslog_read } for pid=2303 comm="dmesg" scontext=u:r:shell:s0 tcontext=u:r:kernel:s0 tclass=system permissive=1
[  742.263260] type=1400 audit(1786623498.601:66): avc: denied { read } for pid=2403 comm="cat" name="partitions" dev="proc" ino=4026531992 scontext=u:r:shell:s0 tcontext=u:object_r:proc:s0 tclass=file permissive=1
[  742.264995] type=1400 audit(1786623498.601:66): avc: denied { read } for pid=2403 comm="cat" name="partitions" dev="proc" ino=4026531992 scontext=u:r:shell:s0 tcontext=u:object_r:proc:s0 tclass=file permissive=1
[  742.265059] type=1400 audit(1786623498.601:67): avc: denied { open } for pid=2403 comm="cat" path="/proc/partitions" dev="proc" ino=4026531992 scontext=u:r:shell:s0 tcontext=u:object_r:proc:s0 tclass=file permissive=1
[  742.297528] type=1400 audit(1786623498.601:67): avc: denied { open } for pid=2403 comm="cat" path="/proc/partitions" dev="proc" ino=4026531992 scontext=u:r:shell:s0 tcontext=u:object_r:proc:s0 tclass=file permissive=1
[  742.297601] type=1400 audit(1786623498.634:68): avc: denied { read } for pid=2405 comm="cat" name="type" dev="sysfs" ino=17760 scontext=u:r:shell:s0 tcontext=u:object_r:sysfs:s0 tclass=file permissive=1
[  742.298530] type=1400 audit(1786623498.634:68): avc: denied { read } for pid=2405 comm="cat" name="type" dev="sysfs" ino=17760 scontext=u:r:shell:s0 tcontext=u:object_r:sysfs:s0 tclass=file permissive=1
[  742.298609] type=1400 audit(1786623498.634:69): avc: denied { open } for pid=2405 comm="cat" path="/sys/devices/platform/ff390000.dwmmc/mmc_host/mmc2/mmc2:0001/type" dev="sysfs" ino=17760 scontext=u:r:shell:s0 tcontext=u:object_r:sysfs:s0 tclass=file permissive=1
[  786.418622] healthd: battery l=100 v=8408 t=18.8 h=2 st=5 c=12 fc=2800000 chg=u
[  786.772588] healthd: battery l=100 v=8408 t=18.8 h=2 st=5 c=12 fc=2800000 chg=u
[  796.793522] type=1400 audit(1786623498.634:69): avc: denied { open } for pid=2405 comm="cat" path="/sys/devices/platform/ff390000.dwmmc/mmc_host/mmc2/mmc2:0001/type" dev="sysfs" ino=17760 scontext=u:r:shell:s0 tcontext=u:object_r:sysfs:s0 tclass=file permissive=1
[  796.793664] type=1400 audit(1786623553.128:70): avc: denied { ioctl } for pid=1357 comm="RecordTask" path="/dev/snd/pcmC0D1c" dev="tmpfs" ino=7838 ioctlcmd=4151 scontext=u:r:untrusted_app_27:s0:c512,c768 tcontext=u:object_r:audio_device:s0 tclass=chr_file permissive=1
[  798.359615] configfs-gadget gadget: unbind function 'Function FS Gadget'/ffffffc03a8c1e38
[  798.359899] android_work: sent uevent USB_STATE=DISCONNECTED
[  798.364281] init: Service 'adbd' (pid 956) exited with status 1
[  798.364477] init: Sending signal 9 to service 'adbd' (pid 956) process group...
[  798.366340] libprocessgroup: Successfully killed process cgroup uid 0 pid 956 in 0ms
[  798.367633] init: starting service 'adbd'...
[  798.372492] init: Created socket '/dev/socket/adbd', mode 660, user 1000, group 1000
[  798.381809] read descriptors
[  798.381845] read strings
[  798.383992] init: processing action (sys.usb.config=adb && sys.usb.configfs=1 && sys.usb.ffs.ready=1) from (/init.usb.configfs.rc:20)
[  798.388222] dwc2 ff300000.usb: bound driver configfs-gadget
[  798.642425] dwc2 ff300000.usb: new device is high-speed
[  798.731423] dwc2 ff300000.usb: new device is high-speed
[  798.795788] dwc2 ff300000.usb: new address 9
[  798.806840] android_work: sent uevent USB_STATE=CONNECTED
[  798.809582] configfs-gadget gadget: high-speed config #1: b
[  798.810561] android_work: sent uevent USB_STATE=CONFIGURED
[  809.823996] lowmemorykiller: Killing 'm.android.email' (1463) (tgid 1463), adj 906,\x0a   to free 67440kB on behalf of 'kswapd0' (56) because\x0a   cache 315668kB is below limit 322560kB for oom_score_adj 906\x0a   Free memory is 2216kB above reserved
[  809.848801] lowmemorykiller: Killing 'm.mid.copymedia' (1596) (tgid 1596), adj 906,\x0a   to free 59312kB on behalf of 'kswapd0' (56) because\x0a   cache 315704kB is below limit 322560kB for oom_score_adj 906\x0a   Free memory is 3156kB above reserved
[  809.882891] binder_alloc: 1596: binder_alloc_buf, no vma
[  809.882924] binder: 445:1875 transaction failed 29189/-3, size 76-0 line 3084
[  846.417018] healthd: battery l=100 v=8408 t=18.8 h=2 st=5 c=12 fc=2800000 chg=u
[  846.775241] healthd: battery l=100 v=8408 t=18.8 h=2 st=5 c=12 fc=2800000 chg=u
[  906.425560] healthd: battery l=100 v=8416 t=18.8 h=2 st=5 c=14 fc=2800000 chg=u
[  906.774742] healthd: battery l=100 v=8416 t=18.8 h=2 st=5 c=14 fc=2800000 chg=u
[  966.417373] healthd: battery l=100 v=8408 t=18.8 h=2 st=5 c=12 fc=2800000 chg=u
[  966.772928] healthd: battery l=100 v=8408 t=18.8 h=2 st=5 c=12 fc=2800000 chg=u
[ 1026.419224] healthd: battery l=100 v=8408 t=18.8 h=2 st=5 c=12 fc=2800000 chg=u
[ 1026.774866] healthd: battery l=100 v=8408 t=18.8 h=2 st=5 c=12 fc=2800000 chg=u
[ 1086.419712] healthd: battery l=100 v=8416 t=18.8 h=2 st=5 c=12 fc=2800000 chg=u
[ 1086.776090] healthd: battery l=100 v=8416 t=18.8 h=2 st=5 c=12 fc=2800000 chg=u
[ 1146.418725] healthd: battery l=100 v=8416 t=18.8 h=2 st=5 c=14 fc=2800000 chg=u
[ 1146.772936] healthd: battery l=100 v=8416 t=18.8 h=2 st=5 c=14 fc=2800000 chg=u
[ 1206.417678] healthd: battery l=100 v=8408 t=18.8 h=2 st=5 c=12 fc=2800000 chg=u
[ 1206.774879] healthd: battery l=100 v=8408 t=18.8 h=2 st=5 c=12 fc=2800000 chg=u
[ 1266.431088] healthd: battery l=100 v=8408 t=18.8 h=2 st=5 c=12 fc=2800000 chg=u
[ 1266.775538] healthd: battery l=100 v=8408 t=18.8 h=2 st=5 c=12 fc=2800000 chg=u
[ 1326.417192] healthd: battery l=100 v=8408 t=18.8 h=2 st=5 c=12 fc=2800000 chg=u
[ 1326.772665] healthd: battery l=100 v=8408 t=18.8 h=2 st=5 c=12 fc=2800000 chg=u
[ 1386.417755] healthd: battery l=100 v=8408 t=18.8 h=2 st=5 c=12 fc=2800000 chg=u
[ 1386.772938] healthd: battery l=100 v=8408 t=18.8 h=2 st=5 c=12 fc=2800000 chg=u
[ 1389.547719] rk817_playback_path_put : set playback_path 2, pre_path 0
[ 1389.547762] rk817_codec_power_up : power up playback  
[ 1389.557664] rk817_set_dai_sysclk : MCLK = 12288000Hz
[ 1389.557703] rk817_hw_params : MCLK = 12288000Hz, sample rate = 48000Hz
[ 1389.559146] rk817_digital_mute 0
[ 1389.559689] rk817_codec_ctl_gpio set spk clt 1
[ 1390.507672] lowmemorykiller: Killing 'ndroid.keychain' (1137) (tgid 1137), adj 906,\x0a   to free 50348kB on behalf of '->transport' (2429) because\x0a   cache 305396kB is below limit 322560kB for oom_score_adj 906\x0a   Free memory is 8440kB above reserved
[ 1391.489321] lowmemorykiller: Killing 'droid.deskclock' (937) (tgid 937), adj 906,\x0a   to free 54344kB on behalf of 'kswapd0' (56) because\x0a   cache 315760kB is below limit 322560kB for oom_score_adj 906\x0a   Free memory is 4800kB above reserved
[ 1391.936341] lowmemorykiller: Killing 'ndroid.calendar' (1383) (tgid 1383), adj 906,\x0a   to free 54000kB on behalf of 'kswapd0' (56) because\x0a   cache 319992kB is below limit 322560kB for oom_score_adj 906\x0a   Free memory is 10544kB above reserved
[ 1393.647354] lowmemorykiller: Killing 'viders.calendar' (1430) (tgid 1430), adj 906,\x0a   to free 56680kB on behalf of 'kswapd0' (56) because\x0a   cache 321676kB is below limit 322560kB for oom_score_adj 906\x0a   Free memory is 8076kB above reserved
[ 1394.965960] rk817_digital_mute 1
[ 1394.966936] rk817_codec_ctl_gpio set spk clt 0
[ 1394.968860] rk817_playback_path_put : set playback_path 0, pre_path 2
[ 1394.968890] rk817_codec_power_down : power down playback  
[ 1394.972165] rk817_codec_power_down : power down playback capture incall
[ 1410.180412] init: Untracked pid 2445 received signal 1
[ 1446.418066] healthd: battery l=100 v=8392 t=18.8 h=2 st=5 c=12 fc=2800000 chg=u
[ 1446.774037] healthd: battery l=100 v=8392 t=18.8 h=2 st=5 c=12 fc=2800000 chg=u
[ 1506.419266] healthd: battery l=100 v=8408 t=18.8 h=2 st=5 c=12 fc=2800000 chg=u
[ 1506.772881] healthd: battery l=100 v=8408 t=18.8 h=2 st=5 c=12 fc=2800000 chg=u
[ 1566.417248] healthd: battery l=100 v=8408 t=18.8 h=2 st=5 c=13 fc=2800000 chg=u
[ 1566.772648] healthd: battery l=100 v=8408 t=18.8 h=2 st=5 c=14 fc=2800000 chg=u
[ 1626.417052] healthd: battery l=100 v=8408 t=18.8 h=2 st=5 c=13 fc=2800000 chg=u
[ 1626.773382] healthd: battery l=100 v=8408 t=18.8 h=2 st=5 c=13 fc=2800000 chg=u
[ 1630.709649] init: Untracked pid 2805 received signal 1
[ 1686.416443] healthd: battery l=100 v=8408 t=18.8 h=2 st=5 c=13 fc=2800000 chg=u
[ 1686.773980] healthd: battery l=100 v=8408 t=18.8 h=2 st=5 c=13 fc=2800000 chg=u
[ 1746.417626] healthd: battery l=100 v=8408 t=18.8 h=2 st=5 c=14 fc=2800000 chg=u
[ 1746.774994] healthd: battery l=100 v=8408 t=18.8 h=2 st=5 c=14 fc=2800000 chg=u
[ 1806.416608] healthd: battery l=100 v=8408 t=18.8 h=2 st=5 c=14 fc=2800000 chg=u
[ 1806.773113] healthd: battery l=100 v=8408 t=18.8 h=2 st=5 c=14 fc=2800000 chg=u
[ 1866.418390] healthd: battery l=100 v=8408 t=18.8 h=2 st=5 c=14 fc=2800000 chg=u
[ 1866.773680] healthd: battery l=100 v=8408 t=18.8 h=2 st=5 c=14 fc=2800000 chg=u
[ 1926.418116] healthd: battery l=100 v=8416 t=18.8 h=2 st=5 c=12 fc=2800000 chg=u
[ 1926.773598] healthd: battery l=100 v=8416 t=18.8 h=2 st=5 c=12 fc=2800000 chg=u
[ 1986.417613] healthd: battery l=100 v=8416 t=18.8 h=2 st=5 c=14 fc=2800000 chg=u
[ 1986.774302] healthd: battery l=100 v=8416 t=18.8 h=2 st=5 c=14 fc=2800000 chg=u
[ 2046.417015] healthd: battery l=100 v=8416 t=18.8 h=2 st=5 c=13 fc=2800000 chg=u
[ 2046.772898] healthd: battery l=100 v=8416 t=18.8 h=2 st=5 c=13 fc=2800000 chg=u
[ 2106.417457] healthd: battery l=100 v=8416 t=18.8 h=2 st=5 c=12 fc=2800000 chg=u
[ 2106.773589] healthd: battery l=100 v=8416 t=18.8 h=2 st=5 c=12 fc=2800000 chg=u
[ 2166.417607] healthd: battery l=100 v=8416 t=18.8 h=2 st=5 c=12 fc=2800000 chg=u
[ 2166.772935] healthd: battery l=100 v=8416 t=18.8 h=2 st=5 c=12 fc=2800000 chg=u
[ 2226.417900] healthd: battery l=100 v=8416 t=18.8 h=2 st=5 c=13 fc=2800000 chg=u
[ 2226.773271] healthd: battery l=100 v=8416 t=18.8 h=2 st=5 c=13 fc=2800000 chg=u
[ 2286.417501] healthd: battery l=100 v=8416 t=18.8 h=2 st=5 c=12 fc=2800000 chg=u
[ 2286.772922] healthd: battery l=100 v=8416 t=18.8 h=2 st=5 c=12 fc=2800000 chg=u
[ 2346.422751] healthd: battery l=100 v=8416 t=18.8 h=2 st=5 c=15 fc=2800000 chg=u
[ 2346.773503] healthd: battery l=100 v=8416 t=18.8 h=2 st=5 c=15 fc=2800000 chg=u
[ 2406.416370] healthd: battery l=100 v=8416 t=18.8 h=2 st=5 c=13 fc=2800000 chg=u
[ 2406.772909] healthd: battery l=100 v=8416 t=18.8 h=2 st=5 c=13 fc=2800000 chg=u
[ 2466.419127] healthd: battery l=100 v=8408 t=18.8 h=2 st=5 c=13 fc=2800000 chg=u
[ 2466.772798] healthd: battery l=100 v=8408 t=18.8 h=2 st=5 c=13 fc=2800000 chg=u
[ 2526.416849] healthd: battery l=100 v=8392 t=18.8 h=2 st=5 c=12 fc=2800000 chg=u
[ 2526.773166] healthd: battery l=100 v=8392 t=18.8 h=2 st=5 c=12 fc=2800000 chg=u
[ 2586.417301] healthd: battery l=100 v=8392 t=18.8 h=2 st=5 c=13 fc=2800000 chg=u
[ 2586.773231] healthd: battery l=100 v=8392 t=18.8 h=2 st=5 c=13 fc=2800000 chg=u
[ 2646.416366] healthd: battery l=100 v=8416 t=18.8 h=2 st=5 c=12 fc=2800000 chg=u
[ 2646.774583] healthd: battery l=100 v=8416 t=18.8 h=2 st=5 c=12 fc=2800000 chg=u
[ 2706.418212] healthd: battery l=100 v=8392 t=18.8 h=2 st=5 c=13 fc=2800000 chg=u
[ 2706.773599] healthd: battery l=100 v=8392 t=18.8 h=2 st=5 c=13 fc=2800000 chg=u
[ 2766.416276] healthd: battery l=100 v=8408 t=18.8 h=2 st=5 c=13 fc=2800000 chg=u
[ 2766.772753] healthd: battery l=100 v=8408 t=18.8 h=2 st=5 c=13 fc=2800000 chg=u
[ 2826.417823] healthd: battery l=100 v=8408 t=18.8 h=2 st=5 c=13 fc=2800000 chg=u
[ 2826.774576] healthd: battery l=100 v=8400 t=18.8 h=2 st=5 c=15 fc=2800000 chg=u
[ 2886.416922] healthd: battery l=100 v=8368 t=18.8 h=2 st=5 c=14 fc=2800000 chg=u
[ 2886.773057] healthd: battery l=100 v=8368 t=18.8 h=2 st=5 c=14 fc=2800000 chg=u
[ 2946.419078] healthd: battery l=100 v=8408 t=18.8 h=2 st=5 c=14 fc=2800000 chg=u
[ 2946.773636] healthd: battery l=100 v=8408 t=18.8 h=2 st=5 c=14 fc=2800000 chg=u
[ 3006.416327] healthd: battery l=100 v=8408 t=18.8 h=2 st=5 c=14 fc=2800000 chg=u
[ 3006.773295] healthd: battery l=100 v=8408 t=18.8 h=2 st=5 c=14 fc=2800000 chg=u
[ 3066.417555] healthd: battery l=100 v=8408 t=18.8 h=2 st=5 c=14 fc=2800000 chg=u
[ 3066.772952] healthd: battery l=100 v=8408 t=18.8 h=2 st=5 c=14 fc=2800000 chg=u
[ 3126.417702] healthd: battery l=100 v=8408 t=18.8 h=2 st=5 c=15 fc=2800000 chg=u
[ 3126.772700] healthd: battery l=100 v=8408 t=18.8 h=2 st=5 c=15 fc=2800000 chg=u
[ 3155.881609] RTW: ERROR rtw_cpwm_polling: polling cpwm timeout! poll_cnt=150, cpwm_orig=00, cpwm_now=00
[ 3186.416863] healthd: battery l=100 v=8408 t=18.8 h=2 st=5 c=15 fc=2800000 chg=u
[ 3186.774185] healthd: battery l=100 v=8408 t=18.8 h=2 st=5 c=15 fc=2800000 chg=u
[ 3246.416637] healthd: battery l=100 v=8400 t=18.8 h=2 st=5 c=14 fc=2800000 chg=u
[ 3246.772296] healthd: battery l=100 v=8400 t=18.8 h=2 st=5 c=14 fc=2800000 chg=u
[ 3306.418382] healthd: battery l=100 v=8408 t=18.8 h=2 st=5 c=14 fc=2800000 chg=u
[ 3306.773192] healthd: battery l=100 v=8408 t=18.8 h=2 st=5 c=14 fc=2800000 chg=u
[ 3366.418051] healthd: battery l=100 v=8400 t=18.8 h=2 st=5 c=16 fc=2800000 chg=u
[ 3366.772260] healthd: battery l=100 v=8400 t=18.8 h=2 st=5 c=16 fc=2800000 chg=u
[ 3426.418137] healthd: battery l=100 v=8408 t=18.8 h=2 st=5 c=15 fc=2800000 chg=u
[ 3426.772259] healthd: battery l=100 v=8408 t=18.8 h=2 st=5 c=15 fc=2800000 chg=u
[ 3486.416207] healthd: battery l=100 v=8416 t=18.8 h=2 st=5 c=13 fc=2800000 chg=u
[ 3486.772295] healthd: battery l=100 v=8416 t=18.8 h=2 st=5 c=13 fc=2800000 chg=u
[ 3546.416570] healthd: battery l=100 v=8408 t=18.8 h=2 st=5 c=13 fc=2800000 chg=u
[ 3546.773955] healthd: battery l=100 v=8408 t=18.8 h=2 st=5 c=13 fc=2800000 chg=u
[ 3606.416141] healthd: battery l=100 v=8416 t=18.8 h=2 st=5 c=13 fc=2800000 chg=u
[ 3606.772205] healthd: battery l=100 v=8416 t=18.8 h=2 st=5 c=13 fc=2800000 chg=u
[ 3666.418624] healthd: battery l=100 v=8416 t=18.8 h=2 st=5 c=13 fc=2800000 chg=u
[ 3666.774040] healthd: battery l=100 v=8416 t=18.8 h=2 st=5 c=13 fc=2800000 chg=u
[ 3726.416197] healthd: battery l=100 v=8416 t=18.8 h=2 st=5 c=13 fc=2800000 chg=u
[ 3726.772174] healthd: battery l=100 v=8416 t=18.8 h=2 st=5 c=13 fc=2800000 chg=u
[ 3786.418512] healthd: battery l=100 v=8416 t=18.8 h=2 st=5 c=15 fc=2800000 chg=u
[ 3786.772391] healthd: battery l=100 v=8416 t=18.8 h=2 st=5 c=15 fc=2800000 chg=u
[ 3846.416438] healthd: battery l=100 v=8416 t=18.8 h=2 st=5 c=13 fc=2800000 chg=u
[ 3846.772298] healthd: battery l=100 v=8416 t=18.8 h=2 st=5 c=13 fc=2800000 chg=u
[ 3906.419068] healthd: battery l=100 v=8408 t=18.8 h=2 st=5 c=13 fc=2800000 chg=u
[ 3906.774083] healthd: battery l=100 v=8408 t=18.8 h=2 st=5 c=13 fc=2800000 chg=u
[ 3966.416338] healthd: battery l=100 v=8416 t=18.8 h=2 st=5 c=13 fc=2800000 chg=u
[ 3966.772303] healthd: battery l=100 v=8416 t=18.8 h=2 st=5 c=13 fc=2800000 chg=u
[ 4026.424596] healthd: battery l=100 v=8416 t=18.8 h=2 st=5 c=15 fc=2800000 chg=u
[ 4026.772280] healthd: battery l=100 v=8416 t=18.8 h=2 st=5 c=15 fc=2800000 chg=u
[ 4086.416160] healthd: battery l=100 v=8408 t=18.8 h=2 st=5 c=15 fc=2800000 chg=u
[ 4086.772252] healthd: battery l=100 v=8416 t=18.8 h=2 st=5 c=15 fc=2800000 chg=u
[ 4146.425685] healthd: battery l=100 v=8416 t=18.8 h=2 st=5 c=14 fc=2800000 chg=u
[ 4146.772129] healthd: battery l=100 v=8416 t=18.8 h=2 st=5 c=14 fc=2800000 chg=u
[ 4206.417006] healthd: battery l=100 v=8416 t=18.8 h=2 st=5 c=13 fc=2800000 chg=u
[ 4206.772176] healthd: battery l=100 v=8416 t=18.8 h=2 st=5 c=13 fc=2800000 chg=u
[ 4266.419458] healthd: battery l=100 v=8408 t=18.8 h=2 st=5 c=15 fc=2800000 chg=u
[ 4266.774073] healthd: battery l=100 v=8408 t=18.8 h=2 st=5 c=15 fc=2800000 chg=u
[ 4326.416214] healthd: battery l=100 v=8408 t=18.8 h=2 st=5 c=13 fc=2800000 chg=u
[ 4326.772307] healthd: battery l=100 v=8408 t=18.8 h=2 st=5 c=13 fc=2800000 chg=u
[ 4386.419268] healthd: battery l=100 v=8416 t=18.8 h=2 st=5 c=15 fc=2800000 chg=u
[ 4386.772173] healthd: battery l=100 v=8416 t=18.8 h=2 st=5 c=15 fc=2800000 chg=u
[ 4446.416106] healthd: battery l=100 v=8416 t=18.8 h=2 st=5 c=13 fc=2800000 chg=u
[ 4446.772105] healthd: battery l=100 v=8416 t=18.8 h=2 st=5 c=13 fc=2800000 chg=u
[ 4506.424032] healthd: battery l=100 v=8416 t=18.8 h=2 st=5 c=13 fc=2800000 chg=u
[ 4506.774156] healthd: battery l=100 v=8416 t=18.8 h=2 st=5 c=13 fc=2800000 chg=u
[ 4566.416091] healthd: battery l=100 v=8416 t=18.8 h=2 st=5 c=14 fc=2800000 chg=u
[ 4566.772230] healthd: battery l=100 v=8416 t=18.8 h=2 st=5 c=14 fc=2800000 chg=u
[ 4626.419089] healthd: battery l=100 v=8408 t=18.8 h=2 st=5 c=13 fc=2800000 chg=u
[ 4626.772126] healthd: battery l=100 v=8408 t=18.8 h=2 st=5 c=13 fc=2800000 chg=u
[ 4657.946959] nf_conntrack: automatic helper assignment is deprecated and it will be removed soon. Use the iptables CT target to attach helpers instead.
[ 4686.417024] healthd: battery l=100 v=8416 t=18.8 h=2 st=5 c=14 fc=2800000 chg=u
[ 4686.773189] healthd: battery l=100 v=8416 t=18.8 h=2 st=5 c=14 fc=2800000 chg=u
[ 4746.417675] healthd: battery l=100 v=8416 t=18.8 h=2 st=5 c=13 fc=2800000 chg=u
[ 4746.774851] healthd: battery l=100 v=8416 t=18.8 h=2 st=5 c=13 fc=2800000 chg=u
[ 4806.416030] healthd: battery l=100 v=8416 t=18.8 h=2 st=5 c=14 fc=2800000 chg=u
[ 4806.772215] healthd: battery l=100 v=8416 t=18.8 h=2 st=5 c=14 fc=2800000 chg=u
